{"v":"5.5.8","fr":25,"ip":0,"op":175,"w":1080,"h":580,"nm":"Comp 1","ddd":0,"assets":[{"id":"image_0","w":1080,"h":580,"u":"images/","p":"img_0.png","e":0},{"id":"comp_0","layers":[{"ddd":0,"ind":1,"ty":4,"nm":"Layer 2 Outlines","sr":1,"ks":{"o":{"a":1,"k":[{"i":{"x":[0.833],"y":[0.833]},"o":{"x":[0.167],"y":[0.167]},"t":118,"s":[1]},{"t":143,"s":[100]}],"ix":11},"r":{"a":0,"k":-13,"ix":10},"p":{"a":0,"k":[20,20,0],"ix":2},"a":{"a":0,"k":[4.232,8.638,0],"ix":1},"s":{"a":0,"k":[100,100,100],"ix":6}},"ao":0,"shapes":[{"ty":"gr","it":[{"ind":0,"ty":"sh","ix":1,"ks":{"a":0,"k":{"i":[[2.196,0],[0.394,0.397],[0,0.562],[-1.151,0],[0,-1.158],[0,0],[1.74,0.429],[0,0],[0,0],[0,0],[0,-1.88],[-0.752,-0.756],[-1.063,0],[0,-1.158],[1.151,-0.001],[0,1.159],[0,0],[-1.739,-0.43],[0,0],[0,0],[0,0],[0,1.881]],"o":[[-0.558,0],[-0.394,-0.396],[0,-1.159],[1.151,0],[0,0],[0,-1.88],[0,0],[0,0],[0,0],[-1.739,0.428],[0,1.071],[0.752,0.757],[1.151,-0.001],[0,1.159],[-1.151,0],[0,0],[0,1.881],[0,0],[0,0],[0,0],[1.74,-0.43],[0,-2.209]],"v":[[-0.001,-0.895],[-1.477,-1.51],[-2.088,-2.996],[-0.001,-5.097],[2.087,-2.996],[3.982,-2.996],[0.946,-6.884],[0.946,-8.388],[-0.948,-8.387],[-0.948,-6.883],[-3.982,-2.996],[-2.816,-0.162],[-0.001,1.012],[2.087,3.112],[-0.001,5.214],[-2.088,3.112],[-3.982,3.112],[-0.948,7.001],[-0.948,8.388],[0.946,8.388],[0.946,7.001],[3.982,3.112]],"c":true},"ix":2},"nm":"Path 1","mn":"ADBE Vector Shape - Group","hd":false},{"ty":"fl","c":{"a":0,"k":[1,1,1,1],"ix":4},"o":{"a":0,"k":100,"ix":5},"r":1,"bm":0,"nm":"Fill 1","mn":"ADBE Vector Graphic - Fill","hd":false},{"ty":"tr","p":{"a":0,"k":[4.232,8.638],"ix":2},"a":{"a":0,"k":[0,0],"ix":1},"s":{"a":0,"k":[100,100],"ix":3},"r":{"a":0,"k":0,"ix":6},"o":{"a":0,"k":100,"ix":7},"sk":{"a":0,"k":0,"ix":4},"sa":{"a":0,"k":0,"ix":5},"nm":"Transform"}],"nm":"Group 1","np":2,"cix":2,"bm":0,"ix":1,"mn":"ADBE Vector Group","hd":false}],"ip":0,"op":175,"st":0,"bm":0},{"ddd":0,"ind":2,"ty":4,"nm":"Layer 1 Outlines","sr":1,"ks":{"o":{"a":1,"k":[{"i":{"x":[0.833],"y":[0.833]},"o":{"x":[0.167],"y":[0.167]},"t":118,"s":[0]},{"t":143,"s":[100]}],"ix":11},"r":{"a":1,"k":[{"i":{"x":[0.833],"y":[0.833]},"o":{"x":[0.167],"y":[0.167]},"t":118,"s":[-144]},{"t":143,"s":[101]}],"ix":10},"p":{"a":0,"k":[20,20,0],"ix":2},"a":{"a":0,"k":[18.25,18.25,0],"ix":1},"s":{"a":0,"k":[100,100,100],"ix":6}},"ao":0,"shapes":[{"ty":"gr","it":[{"ind":0,"ty":"sh","ix":1,"ks":{"a":0,"k":{"i":[[-9.942,0.003],[0,0],[0,-6.845],[-0.442,-1.272],[0,0],[0,1.414]],"o":[[0,0],[-6.844,0.003],[0,1.423],[0,0],[-0.31,-1.318],[0,-9.942]],"v":[[8.999,-11.053],[8.999,-5.445],[-3.391,6.945],[-2.71,11.008],[-8.525,11.053],[-8.999,6.945]],"c":true},"ix":2},"nm":"Path 1","mn":"ADBE Vector Shape - Group","hd":false},{"ty":"fl","c":{"a":0,"k":[0.13300000359,0.757000014361,0.948999980852,1],"ix":4},"o":{"a":0,"k":100,"ix":5},"r":1,"bm":0,"nm":"Fill 1","mn":"ADBE Vector Graphic - Fill","hd":false},{"ty":"tr","p":{"a":0,"k":[9.25,11.304],"ix":2},"a":{"a":0,"k":[0,0],"ix":1},"s":{"a":0,"k":[100,100],"ix":3},"r":{"a":0,"k":0,"ix":6},"o":{"a":0,"k":100,"ix":7},"sk":{"a":0,"k":0,"ix":4},"sa":{"a":0,"k":0,"ix":5},"nm":"Transform"}],"nm":"Group 1","np":2,"cix":2,"bm":0,"ix":1,"mn":"ADBE Vector Group","hd":false},{"ty":"gr","it":[{"ind":0,"ty":"sh","ix":1,"ks":{"a":0,"k":{"i":[[-3.016,-2.288],[0,0],[3.022,0],[0,0],[0,0],[0,0]],"o":[[0,0],[-2.15,-1.797],[0,0],[0,0],[0,0],[4.08,0]],"v":[[5.431,-0.601],[2.515,4.245],[-5.428,1.363],[-5.431,1.363],[-5.431,-4.245],[-5.428,-4.245]],"c":true},"ix":2},"nm":"Path 1","mn":"ADBE Vector Shape - Group","hd":false},{"ty":"fl","c":{"a":0,"k":[0.141000007181,0.666999966491,0.788000009574,1],"ix":4},"o":{"a":0,"k":100,"ix":5},"r":1,"bm":0,"nm":"Fill 1","mn":"ADBE Vector Graphic - Fill","hd":false},{"ty":"tr","p":{"a":0,"k":[23.68,4.495],"ix":2},"a":{"a":0,"k":[0,0],"ix":1},"s":{"a":0,"k":[100,100],"ix":3},"r":{"a":0,"k":0,"ix":6},"o":{"a":0,"k":100,"ix":7},"sk":{"a":0,"k":0,"ix":4},"sa":{"a":0,"k":0,"ix":5},"nm":"Transform"}],"nm":"Group 2","np":2,"cix":2,"bm":0,"ix":2,"mn":"ADBE Vector Group","hd":false},{"ty":"gr","it":[{"ind":0,"ty":"sh","ix":1,"ks":{"a":0,"k":{"i":[[0,-5.862],[2.432,-3.069],[0,0],[0,3.358],[2.718,2.27],[0,0]],"o":[[0,4.217],[0,0],[2.171,-2.232],[0,-3.822],[0,0],[4.337,3.284]],"v":[[5.028,1.595],[1.147,12.759],[-4.086,10.233],[-0.58,1.595],[-5.028,-7.914],[-2.112,-12.759]],"c":true},"ix":2},"nm":"Path 1","mn":"ADBE Vector Shape - Group","hd":false},{"ty":"fl","c":{"a":0,"k":[0.804000016755,0.808000033509,0.819999964097,1],"ix":4},"o":{"a":0,"k":100,"ix":5},"r":1,"bm":0,"nm":"Fill 1","mn":"ADBE Vector Graphic - Fill","hd":false},{"ty":"tr","p":{"a":0,"k":[31.223,16.653],"ix":2},"a":{"a":0,"k":[0,0],"ix":1},"s":{"a":0,"k":[100,100],"ix":3},"r":{"a":0,"k":0,"ix":6},"o":{"a":0,"k":100,"ix":7},"sk":{"a":0,"k":0,"ix":4},"sa":{"a":0,"k":0,"ix":5},"nm":"Transform"}],"nm":"Group 3","np":2,"cix":2,"bm":0,"ix":3,"mn":"ADBE Vector Group","hd":false},{"ty":"gr","it":[{"ind":0,"ty":"sh","ix":1,"ks":{"a":0,"k":{"i":[[0,0],[3.487,0],[1.683,4.85],[0,0],[-8.528,0],[-3.293,4.167]],"o":[[-2.251,2.317],[-5.421,0],[0,0],[1.855,7.963],[5.725,0],[0,0]],"v":[[10.59,-2.393],[1.706,1.361],[-10.008,-6.969],[-15.822,-6.923],[1.706,6.969],[15.822,0.132]],"c":true},"ix":2},"nm":"Path 1","mn":"ADBE Vector Shape - Group","hd":false},{"ty":"fl","c":{"a":0,"k":[1,1,1,1],"ix":4},"o":{"a":0,"k":100,"ix":5},"r":1,"bm":0,"nm":"Fill 1","mn":"ADBE Vector Graphic - Fill","hd":false},{"ty":"tr","p":{"a":0,"k":[16.547,29.28],"ix":2},"a":{"a":0,"k":[0,0],"ix":1},"s":{"a":0,"k":[100,100],"ix":3},"r":{"a":0,"k":0,"ix":6},"o":{"a":0,"k":100,"ix":7},"sk":{"a":0,"k":0,"ix":4},"sa":{"a":0,"k":0,"ix":5},"nm":"Transform"}],"nm":"Group 4","np":2,"cix":2,"bm":0,"ix":4,"mn":"ADBE Vector Group","hd":false}],"ip":0,"op":175,"st":0,"bm":0}]},{"id":"comp_1","layers":[{"ddd":0,"ind":1,"ty":4,"nm":"stat_circle Outlines","sr":1,"ks":{"o":{"a":1,"k":[{"i":{"x":[0.833],"y":[0.833]},"o":{"x":[0.167],"y":[0.167]},"t":36,"s":[0]},{"t":59,"s":[100]}],"ix":11},"r":{"a":1,"k":[{"i":{"x":[0.833],"y":[0.833]},"o":{"x":[0.167],"y":[0.167]},"t":36,"s":[0]},{"t":59,"s":[159]}],"ix":10},"p":{"a":0,"k":[40,42,0],"ix":2},"a":{"a":0,"k":[30,30,0],"ix":1},"s":{"a":0,"k":[100,100,100],"ix":6}},"ao":0,"shapes":[{"ty":"gr","it":[{"ty":"gr","it":[{"ind":0,"ty":"sh","ix":1,"ks":{"a":0,"k":{"i":[[-9.679,0.005],[0,0],[0,0],[0,3.176]],"o":[[0,0],[0,0],[-1.477,-2.572],[0,-9.674]],"v":[[8.759,-13.122],[8.759,4.396],[-6.434,13.122],[-8.759,4.396]],"c":true},"ix":2},"nm":"Path 1","mn":"ADBE Vector Shape - Group","hd":false},{"ty":"fl","c":{"a":0,"k":[0.13300000359,0.757000014361,0.948999980852,1],"ix":4},"o":{"a":0,"k":100,"ix":5},"r":1,"bm":0,"nm":"Fill 1","mn":"ADBE Vector Graphic - Fill","hd":false},{"ty":"tr","p":{"a":0,"k":[21.239,25.601],"ix":2},"a":{"a":0,"k":[0,0],"ix":1},"s":{"a":0,"k":[100,100],"ix":3},"r":{"a":0,"k":0,"ix":6},"o":{"a":0,"k":100,"ix":7},"sk":{"a":0,"k":0,"ix":4},"sa":{"a":0,"k":0,"ix":5},"nm":"Transform"}],"nm":"Group 1","np":2,"cix":2,"bm":0,"ix":1,"mn":"ADBE Vector Group","hd":false},{"ty":"gr","it":[{"ind":0,"ty":"sh","ix":1,"ks":{"a":0,"k":{"i":[[0,-9.674],[9.674,0],[3.026,5.258],[0,0],[0,0],[0,0]],"o":[[0,9.679],[-6.503,0],[0,0],[0,0],[0,0],[9.674,0]],"v":[[16.358,-0.003],[-1.16,17.52],[-16.358,8.723],[-1.165,-0.003],[-1.165,-17.52],[-1.16,-17.52]],"c":true},"ix":2},"nm":"Path 1","mn":"ADBE Vector Shape - Group","hd":false},{"ty":"fl","c":{"a":0,"k":[1,1,1,1],"ix":4},"o":{"a":0,"k":100,"ix":5},"r":1,"bm":0,"nm":"Fill 1","mn":"ADBE Vector Graphic - Fill","hd":false},{"ty":"tr","p":{"a":0,"k":[31.163,30],"ix":2},"a":{"a":0,"k":[0,0],"ix":1},"s":{"a":0,"k":[100,100],"ix":3},"r":{"a":0,"k":0,"ix":6},"o":{"a":0,"k":100,"ix":7},"sk":{"a":0,"k":0,"ix":4},"sa":{"a":0,"k":0,"ix":5},"nm":"Transform"}],"nm":"Group 2","np":2,"cix":2,"bm":0,"ix":2,"mn":"ADBE Vector Group","hd":false},{"ty":"gr","it":[{"ind":0,"ty":"sh","ix":1,"ks":{"a":0,"k":{"i":[[0,0],[14.457,0],[5.045,4.256],[0,0],[-5.501,0],[-0.974,10.86]],"o":[[-2.188,13.843],[-7.118,0],[0,0],[3.776,3.419],[11.116,0],[0,0]],"v":[[23.657,-10.889],[-4.977,13.538],[-23.657,6.715],[-19.265,0.333],[-4.977,5.84],[16.235,-13.538]],"c":true},"ix":2},"nm":"Path 1","mn":"ADBE Vector Shape - Group","hd":false},{"ty":"fl","c":{"a":0,"k":[0.13300000359,0.757000014361,0.948999980852,1],"ix":4},"o":{"a":0,"k":100,"ix":5},"r":1,"bm":0,"nm":"Fill 1","mn":"ADBE Vector Graphic - Fill","hd":false},{"ty":"tr","p":{"a":0,"k":[34.98,45.463],"ix":2},"a":{"a":0,"k":[0,0],"ix":1},"s":{"a":0,"k":[100,100],"ix":3},"r":{"a":0,"k":0,"ix":6},"o":{"a":0,"k":100,"ix":7},"sk":{"a":0,"k":0,"ix":4},"sa":{"a":0,"k":0,"ix":5},"nm":"Transform"}],"nm":"Group 3","np":2,"cix":2,"bm":0,"ix":3,"mn":"ADBE Vector Group","hd":false},{"ty":"gr","it":[{"ind":0,"ty":"sh","ix":1,"ks":{"a":0,"k":{"i":[[16.017,0],[0,-16.012],[-6.314,-5.317],[0,0],[0,6.265],[-11.766,0],[0,-11.766],[0.058,-0.635],[0,0],[0,1.559]],"o":[[-16.017,0],[0,8.898],[0,0],[-4.309,-3.898],[0,-11.766],[11.765,0],[0,0.648],[0,0],[0.242,-1.491],[0,-16.012]],"v":[[0.002,-25.589],[-29,3.409],[-18.678,25.589],[-14.286,19.207],[-21.302,3.409],[0.002,-17.891],[21.301,3.409],[21.214,5.336],[28.636,7.984],[29,3.409]],"c":true},"ix":2},"nm":"Path 1","mn":"ADBE Vector Shape - Group","hd":false},{"ty":"fl","c":{"a":0,"k":[1,1,1,1],"ix":4},"o":{"a":0,"k":100,"ix":5},"r":1,"bm":0,"nm":"Fill 1","mn":"ADBE Vector Graphic - Fill","hd":false},{"ty":"tr","p":{"a":0,"k":[30,26.589],"ix":2},"a":{"a":0,"k":[0,0],"ix":1},"s":{"a":0,"k":[100,100],"ix":3},"r":{"a":0,"k":0,"ix":6},"o":{"a":0,"k":100,"ix":7},"sk":{"a":0,"k":0,"ix":4},"sa":{"a":0,"k":0,"ix":5},"nm":"Transform"}],"nm":"Group 4","np":2,"cix":2,"bm":0,"ix":4,"mn":"ADBE Vector Group","hd":false},{"ty":"tr","p":{"a":0,"k":[30,30],"ix":2},"a":{"a":0,"k":[30,30],"ix":1},"s":{"a":0,"k":[100,100],"ix":3},"r":{"a":0,"k":0,"ix":6},"o":{"a":0,"k":100,"ix":7},"sk":{"a":0,"k":0,"ix":4},"sa":{"a":0,"k":0,"ix":5},"nm":"Transform"}],"nm":"Group 1","np":4,"cix":2,"bm":0,"ix":1,"mn":"ADBE Vector Group","hd":false}],"ip":26,"op":175,"st":26,"bm":0}]}],"layers":[{"ddd":0,"ind":1,"ty":4,"nm":"circle_line Outlines 2","sr":1,"ks":{"o":{"a":0,"k":100,"ix":11},"r":{"a":0,"k":0,"ix":10},"p":{"a":0,"k":[544,312,0],"ix":2},"a":{"a":0,"k":[1.5,13.5,0],"ix":1},"s":{"a":0,"k":[100,100,100],"ix":6}},"ao":0,"shapes":[{"ty":"gr","it":[{"ind":0,"ty":"sh","ix":1,"ks":{"a":0,"k":{"i":[[0.425,-0.245],[0,-0.491],[-0.036,-0.082],[-0.324,0.188],[0,0.491]],"o":[[-0.425,0.245],[0,0.117],[0.113,0.261],[0.425,-0.245],[0,-0.49]],"v":[[0.001,-0.859],[-0.77,0.473],[-0.712,0.773],[0.001,0.917],[0.77,-0.415]],"c":true},"ix":2},"nm":"Path 1","mn":"ADBE Vector Shape - Group","hd":false},{"ty":"fl","c":{"a":0,"k":[1,1,1,1],"ix":4},"o":{"a":0,"k":100,"ix":5},"r":1,"bm":0,"nm":"Fill 1","mn":"ADBE Vector Graphic - Fill","hd":false},{"ty":"tr","p":{"a":0,"k":[1.104,25.811],"ix":2},"a":{"a":0,"k":[0,0],"ix":1},"s":{"a":0,"k":[100,100],"ix":3},"r":{"a":0,"k":0,"ix":6},"o":{"a":0,"k":100,"ix":7},"sk":{"a":0,"k":0,"ix":4},"sa":{"a":0,"k":0,"ix":5},"nm":"Transform"}],"nm":"Group 1","np":2,"cix":2,"bm":0,"ix":1,"mn":"ADBE Vector Group","hd":false},{"ty":"gr","it":[{"ind":0,"ty":"sh","ix":1,"ks":{"a":0,"k":{"i":[[0.425,-0.245],[0,-0.49],[-0.036,-0.081],[-0.324,0.188],[0,0.491]],"o":[[-0.425,0.245],[0,0.117],[0.113,0.262],[0.425,-0.245],[0,-0.49]],"v":[[0.001,-0.859],[-0.77,0.473],[-0.712,0.771],[0.001,0.917],[0.77,-0.415]],"c":true},"ix":2},"nm":"Path 1","mn":"ADBE Vector Shape - Group","hd":false},{"ty":"fl","c":{"a":0,"k":[1,1,1,1],"ix":4},"o":{"a":0,"k":100,"ix":5},"r":1,"bm":0,"nm":"Fill 1","mn":"ADBE Vector Graphic - Fill","hd":false},{"ty":"tr","p":{"a":0,"k":[1.104,19.758],"ix":2},"a":{"a":0,"k":[0,0],"ix":1},"s":{"a":0,"k":[100,100],"ix":3},"r":{"a":0,"k":0,"ix":6},"o":{"a":0,"k":100,"ix":7},"sk":{"a":0,"k":0,"ix":4},"sa":{"a":0,"k":0,"ix":5},"nm":"Transform"}],"nm":"Group 2","np":2,"cix":2,"bm":0,"ix":2,"mn":"ADBE Vector Group","hd":false},{"ty":"gr","it":[{"ind":0,"ty":"sh","ix":1,"ks":{"a":0,"k":{"i":[[0.425,-0.246],[0,-0.49],[-0.036,-0.082],[-0.324,0.187],[0,0.491]],"o":[[-0.425,0.245],[0,0.117],[0.113,0.261],[0.425,-0.245],[0,-0.49]],"v":[[0.001,-0.859],[-0.77,0.473],[-0.712,0.773],[0.001,0.917],[0.77,-0.415]],"c":true},"ix":2},"nm":"Path 1","mn":"ADBE Vector Shape - Group","hd":false},{"ty":"fl","c":{"a":0,"k":[1,1,1,1],"ix":4},"o":{"a":0,"k":100,"ix":5},"r":1,"bm":0,"nm":"Fill 1","mn":"ADBE Vector Graphic - Fill","hd":false},{"ty":"tr","p":{"a":0,"k":[1.104,13.704],"ix":2},"a":{"a":0,"k":[0,0],"ix":1},"s":{"a":0,"k":[100,100],"ix":3},"r":{"a":0,"k":0,"ix":6},"o":{"a":0,"k":100,"ix":7},"sk":{"a":0,"k":0,"ix":4},"sa":{"a":0,"k":0,"ix":5},"nm":"Transform"}],"nm":"Group 3","np":2,"cix":2,"bm":0,"ix":3,"mn":"ADBE Vector Group","hd":false},{"ty":"gr","it":[{"ind":0,"ty":"sh","ix":1,"ks":{"a":0,"k":{"i":[[0.425,-0.245],[0,-0.491],[-0.036,-0.082],[-0.324,0.186],[0,0.491]],"o":[[-0.425,0.246],[0,0.117],[0.113,0.261],[0.425,-0.246],[0,-0.49]],"v":[[0.001,-0.859],[-0.77,0.474],[-0.712,0.772],[0.001,0.918],[0.77,-0.415]],"c":true},"ix":2},"nm":"Path 1","mn":"ADBE Vector Shape - Group","hd":false},{"ty":"fl","c":{"a":0,"k":[1,1,1,1],"ix":4},"o":{"a":0,"k":100,"ix":5},"r":1,"bm":0,"nm":"Fill 1","mn":"ADBE Vector Graphic - Fill","hd":false},{"ty":"tr","p":{"a":0,"k":[1.104,7.652],"ix":2},"a":{"a":0,"k":[0,0],"ix":1},"s":{"a":0,"k":[100,100],"ix":3},"r":{"a":0,"k":0,"ix":6},"o":{"a":0,"k":100,"ix":7},"sk":{"a":0,"k":0,"ix":4},"sa":{"a":0,"k":0,"ix":5},"nm":"Transform"}],"nm":"Group 4","np":2,"cix":2,"bm":0,"ix":4,"mn":"ADBE Vector Group","hd":false},{"ty":"gr","it":[{"ind":0,"ty":"sh","ix":1,"ks":{"a":0,"k":{"i":[[0.425,-0.245],[0,-0.491],[-0.036,-0.082],[-0.324,0.187],[0,0.491]],"o":[[-0.425,0.245],[0,0.116],[0.113,0.261],[0.425,-0.245],[0,-0.49]],"v":[[0.001,-0.859],[-0.77,0.474],[-0.712,0.772],[0.001,0.917],[0.77,-0.415]],"c":true},"ix":2},"nm":"Path 1","mn":"ADBE Vector Shape - Group","hd":false},{"ty":"fl","c":{"a":0,"k":[1,1,1,1],"ix":4},"o":{"a":0,"k":100,"ix":5},"r":1,"bm":0,"nm":"Fill 1","mn":"ADBE Vector Graphic - Fill","hd":false},{"ty":"tr","p":{"a":0,"k":[1.104,1.599],"ix":2},"a":{"a":0,"k":[0,0],"ix":1},"s":{"a":0,"k":[100,100],"ix":3},"r":{"a":0,"k":0,"ix":6},"o":{"a":0,"k":100,"ix":7},"sk":{"a":0,"k":0,"ix":4},"sa":{"a":0,"k":0,"ix":5},"nm":"Transform"}],"nm":"Group 5","np":2,"cix":2,"bm":0,"ix":5,"mn":"ADBE Vector Group","hd":false}],"ip":123,"op":175,"st":0,"bm":0},{"ddd":0,"ind":2,"ty":4,"nm":"circle_line Outlines","sr":1,"ks":{"o":{"a":0,"k":100,"ix":11},"r":{"a":0,"k":0,"ix":10},"p":{"a":0,"k":[450,145,0],"ix":2},"a":{"a":0,"k":[1.5,13.5,0],"ix":1},"s":{"a":0,"k":[100,100,100],"ix":6}},"ao":0,"shapes":[{"ty":"gr","it":[{"ind":0,"ty":"sh","ix":1,"ks":{"a":0,"k":{"i":[[0.425,-0.245],[0,-0.491],[-0.036,-0.082],[-0.324,0.188],[0,0.491]],"o":[[-0.425,0.245],[0,0.117],[0.113,0.261],[0.425,-0.245],[0,-0.49]],"v":[[0.001,-0.859],[-0.77,0.473],[-0.712,0.773],[0.001,0.917],[0.77,-0.415]],"c":true},"ix":2},"nm":"Path 1","mn":"ADBE Vector Shape - Group","hd":false},{"ty":"fl","c":{"a":0,"k":[1,1,1,1],"ix":4},"o":{"a":0,"k":100,"ix":5},"r":1,"bm":0,"nm":"Fill 1","mn":"ADBE Vector Graphic - Fill","hd":false},{"ty":"tr","p":{"a":0,"k":[1.104,25.811],"ix":2},"a":{"a":0,"k":[0,0],"ix":1},"s":{"a":0,"k":[100,100],"ix":3},"r":{"a":0,"k":0,"ix":6},"o":{"a":0,"k":100,"ix":7},"sk":{"a":0,"k":0,"ix":4},"sa":{"a":0,"k":0,"ix":5},"nm":"Transform"}],"nm":"Group 1","np":2,"cix":2,"bm":0,"ix":1,"mn":"ADBE Vector Group","hd":false},{"ty":"gr","it":[{"ind":0,"ty":"sh","ix":1,"ks":{"a":0,"k":{"i":[[0.425,-0.245],[0,-0.49],[-0.036,-0.081],[-0.324,0.188],[0,0.491]],"o":[[-0.425,0.245],[0,0.117],[0.113,0.262],[0.425,-0.245],[0,-0.49]],"v":[[0.001,-0.859],[-0.77,0.473],[-0.712,0.771],[0.001,0.917],[0.77,-0.415]],"c":true},"ix":2},"nm":"Path 1","mn":"ADBE Vector Shape - Group","hd":false},{"ty":"fl","c":{"a":0,"k":[1,1,1,1],"ix":4},"o":{"a":0,"k":100,"ix":5},"r":1,"bm":0,"nm":"Fill 1","mn":"ADBE Vector Graphic - Fill","hd":false},{"ty":"tr","p":{"a":0,"k":[1.104,19.758],"ix":2},"a":{"a":0,"k":[0,0],"ix":1},"s":{"a":0,"k":[100,100],"ix":3},"r":{"a":0,"k":0,"ix":6},"o":{"a":0,"k":100,"ix":7},"sk":{"a":0,"k":0,"ix":4},"sa":{"a":0,"k":0,"ix":5},"nm":"Transform"}],"nm":"Group 2","np":2,"cix":2,"bm":0,"ix":2,"mn":"ADBE Vector Group","hd":false},{"ty":"gr","it":[{"ind":0,"ty":"sh","ix":1,"ks":{"a":0,"k":{"i":[[0.425,-0.246],[0,-0.49],[-0.036,-0.082],[-0.324,0.187],[0,0.491]],"o":[[-0.425,0.245],[0,0.117],[0.113,0.261],[0.425,-0.245],[0,-0.49]],"v":[[0.001,-0.859],[-0.77,0.473],[-0.712,0.773],[0.001,0.917],[0.77,-0.415]],"c":true},"ix":2},"nm":"Path 1","mn":"ADBE Vector Shape - Group","hd":false},{"ty":"fl","c":{"a":0,"k":[1,1,1,1],"ix":4},"o":{"a":0,"k":100,"ix":5},"r":1,"bm":0,"nm":"Fill 1","mn":"ADBE Vector Graphic - Fill","hd":false},{"ty":"tr","p":{"a":0,"k":[1.104,13.704],"ix":2},"a":{"a":0,"k":[0,0],"ix":1},"s":{"a":0,"k":[100,100],"ix":3},"r":{"a":0,"k":0,"ix":6},"o":{"a":0,"k":100,"ix":7},"sk":{"a":0,"k":0,"ix":4},"sa":{"a":0,"k":0,"ix":5},"nm":"Transform"}],"nm":"Group 3","np":2,"cix":2,"bm":0,"ix":3,"mn":"ADBE Vector Group","hd":false},{"ty":"gr","it":[{"ind":0,"ty":"sh","ix":1,"ks":{"a":0,"k":{"i":[[0.425,-0.245],[0,-0.491],[-0.036,-0.082],[-0.324,0.186],[0,0.491]],"o":[[-0.425,0.246],[0,0.117],[0.113,0.261],[0.425,-0.246],[0,-0.49]],"v":[[0.001,-0.859],[-0.77,0.474],[-0.712,0.772],[0.001,0.918],[0.77,-0.415]],"c":true},"ix":2},"nm":"Path 1","mn":"ADBE Vector Shape - Group","hd":false},{"ty":"fl","c":{"a":0,"k":[1,1,1,1],"ix":4},"o":{"a":0,"k":100,"ix":5},"r":1,"bm":0,"nm":"Fill 1","mn":"ADBE Vector Graphic - Fill","hd":false},{"ty":"tr","p":{"a":0,"k":[1.104,7.652],"ix":2},"a":{"a":0,"k":[0,0],"ix":1},"s":{"a":0,"k":[100,100],"ix":3},"r":{"a":0,"k":0,"ix":6},"o":{"a":0,"k":100,"ix":7},"sk":{"a":0,"k":0,"ix":4},"sa":{"a":0,"k":0,"ix":5},"nm":"Transform"}],"nm":"Group 4","np":2,"cix":2,"bm":0,"ix":4,"mn":"ADBE Vector Group","hd":false},{"ty":"gr","it":[{"ind":0,"ty":"sh","ix":1,"ks":{"a":0,"k":{"i":[[0.425,-0.245],[0,-0.491],[-0.036,-0.082],[-0.324,0.187],[0,0.491]],"o":[[-0.425,0.245],[0,0.116],[0.113,0.261],[0.425,-0.245],[0,-0.49]],"v":[[0.001,-0.859],[-0.77,0.474],[-0.712,0.772],[0.001,0.917],[0.77,-0.415]],"c":true},"ix":2},"nm":"Path 1","mn":"ADBE Vector Shape - Group","hd":false},{"ty":"fl","c":{"a":0,"k":[1,1,1,1],"ix":4},"o":{"a":0,"k":100,"ix":5},"r":1,"bm":0,"nm":"Fill 1","mn":"ADBE Vector Graphic - Fill","hd":false},{"ty":"tr","p":{"a":0,"k":[1.104,1.599],"ix":2},"a":{"a":0,"k":[0,0],"ix":1},"s":{"a":0,"k":[100,100],"ix":3},"r":{"a":0,"k":0,"ix":6},"o":{"a":0,"k":100,"ix":7},"sk":{"a":0,"k":0,"ix":4},"sa":{"a":0,"k":0,"ix":5},"nm":"Transform"}],"nm":"Group 5","np":2,"cix":2,"bm":0,"ix":5,"mn":"ADBE Vector Group","hd":false}],"ip":39,"op":175,"st":0,"bm":0},{"ddd":0,"ind":3,"ty":4,"nm":"dot_point Outlines 3","sr":1,"ks":{"o":{"a":0,"k":100,"ix":11},"r":{"a":0,"k":0,"ix":10},"p":{"a":0,"k":[131,518,0],"ix":2},"a":{"a":0,"k":[7.5,5,0],"ix":1},"s":{"a":0,"k":[100,100,100],"ix":6}},"ao":0,"shapes":[{"ty":"gr","it":[{"ind":0,"ty":"sh","ix":1,"ks":{"a":0,"k":{"i":[[0,-2.485],[3.59,0],[0,2.485],[-3.59,0]],"o":[[0,2.485],[-3.59,0],[0,-2.485],[3.59,0]],"v":[[6.5,0],[0,4.5],[-6.5,0],[0,-4.5]],"c":true},"ix":2},"nm":"Path 1","mn":"ADBE Vector Shape - Group","hd":false},{"ty":"fl","c":{"a":0,"k":[0.13300000359,0.757000014361,0.948999980852,1],"ix":4},"o":{"a":0,"k":100,"ix":5},"r":1,"bm":0,"nm":"Fill 1","mn":"ADBE Vector Graphic - Fill","hd":false},{"ty":"tr","p":{"a":0,"k":[7.5,5],"ix":2},"a":{"a":0,"k":[0,0],"ix":1},"s":{"a":0,"k":[100,100],"ix":3},"r":{"a":0,"k":0,"ix":6},"o":{"a":0,"k":100,"ix":7},"sk":{"a":0,"k":0,"ix":4},"sa":{"a":0,"k":0,"ix":5},"nm":"Transform"}],"nm":"Group 1","np":2,"cix":2,"bm":0,"ix":1,"mn":"ADBE Vector Group","hd":false}],"ip":174,"op":175,"st":0,"bm":0},{"ddd":0,"ind":4,"ty":4,"nm":"dot_point Outlines 4","sr":1,"ks":{"o":{"a":0,"k":100,"ix":11},"r":{"a":0,"k":0,"ix":10},"p":{"a":0,"k":[469,351,0],"ix":2},"a":{"a":0,"k":[7.5,5,0],"ix":1},"s":{"a":0,"k":[100,100,100],"ix":6}},"ao":0,"shapes":[{"ty":"gr","it":[{"ind":0,"ty":"sh","ix":1,"ks":{"a":0,"k":{"i":[[0,-2.485],[3.59,0],[0,2.485],[-3.59,0]],"o":[[0,2.485],[-3.59,0],[0,-2.485],[3.59,0]],"v":[[6.5,0],[0,4.5],[-6.5,0],[0,-4.5]],"c":true},"ix":2},"nm":"Path 1","mn":"ADBE Vector Shape - Group","hd":false},{"ty":"fl","c":{"a":0,"k":[0.13300000359,0.757000014361,0.948999980852,1],"ix":4},"o":{"a":0,"k":100,"ix":5},"r":1,"bm":0,"nm":"Fill 1","mn":"ADBE Vector Graphic - Fill","hd":false},{"ty":"tr","p":{"a":0,"k":[7.5,5],"ix":2},"a":{"a":0,"k":[0,0],"ix":1},"s":{"a":0,"k":[100,100],"ix":3},"r":{"a":0,"k":0,"ix":6},"o":{"a":0,"k":100,"ix":7},"sk":{"a":0,"k":0,"ix":4},"sa":{"a":0,"k":0,"ix":5},"nm":"Transform"}],"nm":"Group 1","np":2,"cix":2,"bm":0,"ix":1,"mn":"ADBE Vector Group","hd":false}],"ip":123,"op":175,"st":0,"bm":0},{"ddd":0,"ind":5,"ty":4,"nm":"dot_point Outlines 2","sr":1,"ks":{"o":{"a":0,"k":100,"ix":11},"r":{"a":0,"k":0,"ix":10},"p":{"a":0,"k":[822,303,0],"ix":2},"a":{"a":0,"k":[7.5,5,0],"ix":1},"s":{"a":0,"k":[100,100,100],"ix":6}},"ao":0,"shapes":[{"ty":"gr","it":[{"ind":0,"ty":"sh","ix":1,"ks":{"a":0,"k":{"i":[[0,-2.485],[3.59,0],[0,2.485],[-3.59,0]],"o":[[0,2.485],[-3.59,0],[0,-2.485],[3.59,0]],"v":[[6.5,0],[0,4.5],[-6.5,0],[0,-4.5]],"c":true},"ix":2},"nm":"Path 1","mn":"ADBE Vector Shape - Group","hd":false},{"ty":"fl","c":{"a":0,"k":[0.13300000359,0.757000014361,0.948999980852,1],"ix":4},"o":{"a":0,"k":100,"ix":5},"r":1,"bm":0,"nm":"Fill 1","mn":"ADBE Vector Graphic - Fill","hd":false},{"ty":"tr","p":{"a":0,"k":[7.5,5],"ix":2},"a":{"a":0,"k":[0,0],"ix":1},"s":{"a":0,"k":[100,100],"ix":3},"r":{"a":0,"k":0,"ix":6},"o":{"a":0,"k":100,"ix":7},"sk":{"a":0,"k":0,"ix":4},"sa":{"a":0,"k":0,"ix":5},"nm":"Transform"}],"nm":"Group 1","np":2,"cix":2,"bm":0,"ix":1,"mn":"ADBE Vector Group","hd":false}],"ip":71,"op":175,"st":0,"bm":0},{"ddd":0,"ind":6,"ty":4,"nm":"dot_point Outlines","sr":1,"ks":{"o":{"a":0,"k":100,"ix":11},"r":{"a":0,"k":0,"ix":10},"p":{"a":0,"k":[192,304,0],"ix":2},"a":{"a":0,"k":[7.5,5,0],"ix":1},"s":{"a":0,"k":[100,100,100],"ix":6}},"ao":0,"shapes":[{"ty":"gr","it":[{"ind":0,"ty":"sh","ix":1,"ks":{"a":0,"k":{"i":[[0,-2.485],[3.59,0],[0,2.485],[-3.59,0]],"o":[[0,2.485],[-3.59,0],[0,-2.485],[3.59,0]],"v":[[6.5,0],[0,4.5],[-6.5,0],[0,-4.5]],"c":true},"ix":2},"nm":"Path 1","mn":"ADBE Vector Shape - Group","hd":false},{"ty":"fl","c":{"a":0,"k":[0.13300000359,0.757000014361,0.948999980852,1],"ix":4},"o":{"a":0,"k":100,"ix":5},"r":1,"bm":0,"nm":"Fill 1","mn":"ADBE Vector Graphic - Fill","hd":false},{"ty":"tr","p":{"a":0,"k":[7.5,5],"ix":2},"a":{"a":0,"k":[0,0],"ix":1},"s":{"a":0,"k":[100,100],"ix":3},"r":{"a":0,"k":0,"ix":6},"o":{"a":0,"k":100,"ix":7},"sk":{"a":0,"k":0,"ix":4},"sa":{"a":0,"k":0,"ix":5},"nm":"Transform"}],"nm":"Group 1","np":2,"cix":2,"bm":0,"ix":1,"mn":"ADBE Vector Group","hd":false}],"ip":0,"op":175,"st":0,"bm":0},{"ddd":0,"ind":7,"ty":0,"nm":"stat_dollar 2","refId":"comp_0","sr":1,"ks":{"o":{"a":0,"k":100,"ix":11},"r":{"a":0,"k":12,"ix":10},"p":{"a":0,"k":[544,281,0],"ix":2},"a":{"a":0,"k":[20,20,0],"ix":1},"s":{"a":1,"k":[{"i":{"x":[0.833,0.833,0.833],"y":[0.833,0.833,0.833]},"o":{"x":[0.167,0.167,0.167],"y":[0.167,0.167,0.167]},"t":117,"s":[58,88,100]},{"t":149,"s":[58,88,100]}],"ix":6}},"ao":0,"w":40,"h":40,"ip":0,"op":175,"st":0,"bm":0},{"ddd":0,"ind":8,"ty":0,"nm":"Stat_1","refId":"comp_1","sr":1,"ks":{"o":{"a":0,"k":100,"ix":11},"r":{"a":0,"k":12,"ix":10},"p":{"a":1,"k":[{"i":{"x":0.833,"y":0.833},"o":{"x":0.167,"y":0.167},"t":32,"s":[450,120,0],"to":[0,-2.5,0],"ti":[0,2.5,0]},{"t":48,"s":[450,105,0]}],"ix":2},"a":{"a":0,"k":[40,40,0],"ix":1},"s":{"a":1,"k":[{"i":{"x":[0.833,0.833,0.833],"y":[0.833,0.833,0.833]},"o":{"x":[0.167,0.167,0.167],"y":[0.167,0.167,0.167]},"t":32,"s":[58,88,100]},{"t":48,"s":[58,88,100]}],"ix":6}},"ao":0,"w":80,"h":80,"ip":0,"op":175,"st":0,"bm":0},{"ddd":0,"ind":9,"ty":4,"nm":"bubble_2","sr":1,"ks":{"o":{"a":1,"k":[{"i":{"x":[0.833],"y":[0.833]},"o":{"x":[0.167],"y":[0.167]},"t":-17,"s":[0]},{"i":{"x":[0.833],"y":[0.833]},"o":{"x":[0.167],"y":[0.167]},"t":141,"s":[0]},{"t":152,"s":[100]}],"ix":11},"r":{"a":0,"k":0,"ix":10},"p":{"a":1,"k":[{"i":{"x":0.833,"y":0.833},"o":{"x":0.167,"y":0.167},"t":-17,"s":[214.5,350,0],"to":[0,0,0],"ti":[0,0,0]},{"i":{"x":0.833,"y":0.833},"o":{"x":0.167,"y":0.167},"t":141,"s":[214.5,350,0],"to":[0,-2,0],"ti":[0,2,0]},{"t":152,"s":[214.5,338,0]}],"ix":2},"a":{"a":0,"k":[21.5,28,0],"ix":1},"s":{"a":0,"k":[100,100,100],"ix":6}},"ao":0,"shapes":[{"ty":"gr","it":[{"ind":0,"ty":"sh","ix":1,"ks":{"a":0,"k":{"i":[[0,0],[0,0],[0,0],[0,0],[0,0],[0,0],[0,0],[0,0],[0,0],[0,0],[0,0],[0,0],[0,0],[0,0],[0,0],[0,0]],"o":[[0,0],[0,0],[0,0],[0,0],[0,0],[0,0],[0,0],[0,0],[0,0],[0,0],[0,0],[0,0],[0,0],[0,0],[0,0],[0,0]],"v":[[8.717,-14.687],[10.898,-15.947],[10.898,-9.889],[8.717,-8.628],[8.717,-10.413],[4.158,-2.551],[1.195,-4.24],[-4.219,5.102],[-10.898,1.294],[-9.355,-1.367],[-4.219,1.563],[1.195,-7.779],[4.158,-6.09],[7.174,-11.292],[5.618,-10.393],[5.618,-12.898]],"c":true},"ix":2},"nm":"Path 1","mn":"ADBE Vector Shape - Group","hd":false},{"ind":1,"ty":"sh","ix":2,"ks":{"a":0,"k":{"i":[[0,0],[0,0],[0,0],[0,0]],"o":[[0,0],[0,0],[0,0],[0,0]],"v":[[7.626,5.87],[7.626,-5.37],[9.809,-6.63],[9.809,4.611]],"c":true},"ix":2},"nm":"Path 2","mn":"ADBE Vector Shape - Group","hd":false},{"ind":2,"ty":"sh","ix":3,"ks":{"a":0,"k":{"i":[[0,0],[0,0],[0,0],[0,0]],"o":[[0,0],[0,0],[0,0],[0,0]],"v":[[3.264,8.389],[3.264,1.505],[5.445,0.245],[5.445,7.13]],"c":true},"ix":2},"nm":"Path 3","mn":"ADBE Vector Shape - Group","hd":false},{"ind":3,"ty":"sh","ix":4,"ks":{"a":0,"k":{"i":[[0,0],[0,0],[0,0],[0,0]],"o":[[0,0],[0,0],[0,0],[0,0]],"v":[[-1.1,10.908],[-1.1,3.299],[1.081,2.04],[1.081,9.648]],"c":true},"ix":2},"nm":"Path 4","mn":"ADBE Vector Shape - Group","hd":false},{"ind":4,"ty":"sh","ix":5,"ks":{"a":0,"k":{"i":[[0,0],[0,0],[0,0],[0,0]],"o":[[0,0],[0,0],[0,0],[0,0]],"v":[[-5.462,13.426],[-5.462,9.322],[-3.281,8.063],[-3.281,12.167]],"c":true},"ix":2},"nm":"Path 5","mn":"ADBE Vector Shape - Group","hd":false},{"ind":5,"ty":"sh","ix":6,"ks":{"a":0,"k":{"i":[[0,0],[0,0],[0,0],[0,0]],"o":[[0,0],[0,0],[0,0],[0,0]],"v":[[-9.826,15.947],[-9.826,7.96],[-7.645,6.702],[-7.645,14.686]],"c":true},"ix":2},"nm":"Path 6","mn":"ADBE Vector Shape - Group","hd":false},{"ty":"mm","mm":1,"nm":"Merge Paths 1","mn":"ADBE Vector Filter - Merge","hd":false},{"ty":"fl","c":{"a":0,"k":[1,1,1,1],"ix":4},"o":{"a":0,"k":100,"ix":5},"r":1,"bm":0,"nm":"Fill 1","mn":"ADBE Vector Graphic - Fill","hd":false},{"ty":"tr","p":{"a":0,"k":[22.06,27.035],"ix":2},"a":{"a":0,"k":[0,0],"ix":1},"s":{"a":0,"k":[100,100],"ix":3},"r":{"a":0,"k":0,"ix":6},"o":{"a":0,"k":100,"ix":7},"sk":{"a":0,"k":0,"ix":4},"sa":{"a":0,"k":0,"ix":5},"nm":"Transform"}],"nm":"Group 1","np":8,"cix":2,"bm":0,"ix":1,"mn":"ADBE Vector Group","hd":false},{"ty":"gr","it":[{"ind":0,"ty":"sh","ix":1,"ks":{"a":0,"k":{"i":[[1.819,-1.05],[0,0],[0,-2.101],[0,0],[-1.82,1.051],[0,0],[0,0],[0,0],[0,0],[0,2.101],[0,0]],"o":[[0,0],[-1.82,1.05],[0,0],[0,2.101],[0,0],[0,0],[0,0],[0,0],[1.819,-1.05],[0,0],[0,-2.101]],"v":[[18.064,-27.526],[-18.064,-6.667],[-21.372,-0.937],[-21.372,25.616],[-18.064,27.525],[-12.257,24.173],[-7.639,27.771],[-7.639,21.506],[18.064,6.667],[21.372,0.937],[21.372,-25.616]],"c":true},"ix":2},"nm":"Path 1","mn":"ADBE Vector Shape - Group","hd":false},{"ty":"gf","o":{"a":0,"k":100,"ix":10},"r":1,"bm":0,"g":{"p":3,"k":{"a":0,"k":[0,0,0.761,0.973,0.5,0,0.657,0.967,1,0,0.553,0.961],"ix":9}},"s":{"a":0,"k":[0,0],"ix":5},"e":{"a":0,"k":[100,0],"ix":6},"t":1,"nm":"Gradient Fill 1","mn":"ADBE Vector Graphic - G-Fill","hd":false},{"ty":"tr","p":{"a":0,"k":[21.5,28],"ix":2},"a":{"a":0,"k":[0,0],"ix":1},"s":{"a":0,"k":[100,100],"ix":3},"r":{"a":0,"k":0,"ix":6},"o":{"a":0,"k":100,"ix":7},"sk":{"a":0,"k":0,"ix":4},"sa":{"a":0,"k":0,"ix":5},"nm":"Transform"}],"nm":"Group 2","np":4,"cix":2,"bm":0,"ix":2,"mn":"ADBE Vector Group","hd":false}],"ip":-17,"op":176,"st":-17,"bm":0},{"ddd":0,"ind":10,"ty":4,"nm":"bubble_1","sr":1,"ks":{"o":{"a":1,"k":[{"i":{"x":[0.833],"y":[0.833]},"o":{"x":[0.167],"y":[0.167]},"t":0,"s":[0]},{"i":{"x":[0.833],"y":[0.833]},"o":{"x":[0.167],"y":[0.167]},"t":43,"s":[0]},{"t":53,"s":[100]}],"ix":11},"r":{"a":0,"k":0,"ix":10},"p":{"a":1,"k":[{"i":{"x":0.833,"y":0.833},"o":{"x":0.167,"y":0.167},"t":0,"s":[865,160,0],"to":[0,0,0],"ti":[0,0,0]},{"i":{"x":0.833,"y":0.833},"o":{"x":0.167,"y":0.167},"t":43,"s":[865,160,0],"to":[0,-5,0],"ti":[0,5,0]},{"t":53,"s":[865,130,0]}],"ix":2},"a":{"a":0,"k":[28.5,41,0],"ix":1},"s":{"a":0,"k":[100,100,100],"ix":6}},"ao":0,"shapes":[{"ty":"gr","it":[{"ind":0,"ty":"sh","ix":1,"ks":{"a":0,"k":{"i":[[0,0],[0,0],[0,0],[0,0]],"o":[[0,0],[0,0],[0,0],[0,0]],"v":[[-8.765,-6.514],[8.765,3.606],[8.765,6.514],[-8.765,-3.607]],"c":true},"ix":2},"nm":"Path 1","mn":"ADBE Vector Shape - Group","hd":false},{"ty":"fl","c":{"a":0,"k":[1,1,1,1],"ix":4},"o":{"a":0,"k":100,"ix":5},"r":1,"bm":0,"nm":"Fill 1","mn":"ADBE Vector Graphic - Fill","hd":false},{"ty":"tr","p":{"a":0,"k":[34.08,54.158],"ix":2},"a":{"a":0,"k":[0,0],"ix":1},"s":{"a":0,"k":[100,100],"ix":3},"r":{"a":0,"k":0,"ix":6},"o":{"a":0,"k":100,"ix":7},"sk":{"a":0,"k":0,"ix":4},"sa":{"a":0,"k":0,"ix":5},"nm":"Transform"}],"nm":"Group 1","np":2,"cix":2,"bm":0,"ix":1,"mn":"ADBE Vector Group","hd":false},{"ty":"gr","it":[{"ind":0,"ty":"sh","ix":1,"ks":{"a":0,"k":{"i":[[0,0],[0,0],[0,0],[0,0]],"o":[[0,0],[0,0],[0,0],[0,0]],"v":[[-11.301,-7.977],[11.301,5.071],[11.301,7.977],[-11.301,-5.072]],"c":true},"ix":2},"nm":"Path 1","mn":"ADBE Vector Shape - Group","hd":false},{"ty":"fl","c":{"a":0,"k":[1,1,1,1],"ix":4},"o":{"a":0,"k":100,"ix":5},"r":1,"bm":0,"nm":"Fill 1","mn":"ADBE Vector Graphic - Fill","hd":false},{"ty":"tr","p":{"a":0,"k":[36.615,50.783],"ix":2},"a":{"a":0,"k":[0,0],"ix":1},"s":{"a":0,"k":[100,100],"ix":3},"r":{"a":0,"k":0,"ix":6},"o":{"a":0,"k":100,"ix":7},"sk":{"a":0,"k":0,"ix":4},"sa":{"a":0,"k":0,"ix":5},"nm":"Transform"}],"nm":"Group 2","np":2,"cix":2,"bm":0,"ix":2,"mn":"ADBE Vector Group","hd":false},{"ty":"gr","it":[{"ind":0,"ty":"sh","ix":1,"ks":{"a":0,"k":{"i":[[0,0],[0,0],[0,0],[0,0]],"o":[[0,0],[0,0],[0,0],[0,0]],"v":[[-8.767,-6.515],[8.767,3.608],[8.767,6.515],[-8.767,-3.608]],"c":true},"ix":2},"nm":"Path 1","mn":"ADBE Vector Shape - Group","hd":false},{"ty":"fl","c":{"a":0,"k":[1,1,1,1],"ix":4},"o":{"a":0,"k":100,"ix":5},"r":1,"bm":0,"nm":"Fill 1","mn":"ADBE Vector Graphic - Fill","hd":false},{"ty":"tr","p":{"a":0,"k":[33.234,35.26],"ix":2},"a":{"a":0,"k":[0,0],"ix":1},"s":{"a":0,"k":[100,100],"ix":3},"r":{"a":0,"k":0,"ix":6},"o":{"a":0,"k":100,"ix":7},"sk":{"a":0,"k":0,"ix":4},"sa":{"a":0,"k":0,"ix":5},"nm":"Transform"}],"nm":"Group 3","np":2,"cix":2,"bm":0,"ix":3,"mn":"ADBE Vector Group","hd":false},{"ty":"gr","it":[{"ind":0,"ty":"sh","ix":1,"ks":{"a":0,"k":{"i":[[0,0],[0,0],[0,0],[0,0]],"o":[[0,0],[0,0],[0,0],[0,0]],"v":[[-11.301,-7.978],[11.301,5.07],[11.301,7.978],[-11.301,-5.07]],"c":true},"ix":2},"nm":"Path 1","mn":"ADBE Vector Shape - Group","hd":false},{"ty":"fl","c":{"a":0,"k":[1,1,1,1],"ix":4},"o":{"a":0,"k":100,"ix":5},"r":1,"bm":0,"nm":"Fill 1","mn":"ADBE Vector Graphic - Fill","hd":false},{"ty":"tr","p":{"a":0,"k":[35.767,31.888],"ix":2},"a":{"a":0,"k":[0,0],"ix":1},"s":{"a":0,"k":[100,100],"ix":3},"r":{"a":0,"k":0,"ix":6},"o":{"a":0,"k":100,"ix":7},"sk":{"a":0,"k":0,"ix":4},"sa":{"a":0,"k":0,"ix":5},"nm":"Transform"}],"nm":"Group 4","np":2,"cix":2,"bm":0,"ix":4,"mn":"ADBE Vector Group","hd":false},{"ty":"gr","it":[{"ind":0,"ty":"sh","ix":1,"ks":{"a":0,"k":{"i":[[0,0],[0,0],[0,0],[0,0],[0,0],[0,0]],"o":[[0,0],[0,0],[0,0],[0,0],[0,0],[0,0]],"v":[[3.85,-1.001],[1.764,-3.855],[-1.008,-0.844],[-2.094,-2.676],[-3.85,-1.589],[-0.613,3.855]],"c":true},"ix":2},"nm":"Path 1","mn":"ADBE Vector Shape - Group","hd":false},{"ty":"fl","c":{"a":0,"k":[1,1,1,1],"ix":4},"o":{"a":0,"k":100,"ix":5},"r":1,"bm":0,"nm":"Fill 1","mn":"ADBE Vector Graphic - Fill","hd":false},{"ty":"tr","p":{"a":0,"k":[15.426,21.495],"ix":2},"a":{"a":0,"k":[0,0],"ix":1},"s":{"a":0,"k":[100,100],"ix":3},"r":{"a":0,"k":0,"ix":6},"o":{"a":0,"k":100,"ix":7},"sk":{"a":0,"k":0,"ix":4},"sa":{"a":0,"k":0,"ix":5},"nm":"Transform"}],"nm":"Group 5","np":2,"cix":2,"bm":0,"ix":5,"mn":"ADBE Vector Group","hd":false},{"ty":"gr","it":[{"ind":0,"ty":"sh","ix":1,"ks":{"a":0,"k":{"i":[[-3.619,-2.089],[0,4.155],[0,0],[0,0],[2.223,1.284],[0,2.549],[-1.815,-0.546],[0,0],[0,-3.516]],"o":[[3.619,2.089],[0,0],[0,0],[0,2.547],[-2.221,-1.282],[0,-2.159],[0,0],[-2.959,-0.894],[-0.001,4.157]],"v":[[0,7.287],[6.564,3.542],[6.564,3.308],[4.03,2.078],[0.001,4.378],[-4.029,-2.575],[-0.946,-5.314],[-1.535,-8.482],[-6.563,-4.04]],"c":true},"ix":2},"nm":"Path 1","mn":"ADBE Vector Shape - Group","hd":false},{"ty":"fl","c":{"a":0,"k":[1,1,1,1],"ix":4},"o":{"a":0,"k":100,"ix":5},"r":1,"bm":0,"nm":"Fill 1","mn":"ADBE Vector Graphic - Fill","hd":false},{"ty":"tr","p":{"a":0,"k":[14.396,22.832],"ix":2},"a":{"a":0,"k":[0,0],"ix":1},"s":{"a":0,"k":[100,100],"ix":3},"r":{"a":0,"k":0,"ix":6},"o":{"a":0,"k":100,"ix":7},"sk":{"a":0,"k":0,"ix":4},"sa":{"a":0,"k":0,"ix":5},"nm":"Transform"}],"nm":"Group 6","np":2,"cix":2,"bm":0,"ix":6,"mn":"ADBE Vector Group","hd":false},{"ty":"gr","it":[{"ind":0,"ty":"sh","ix":1,"ks":{"a":0,"k":{"i":[[2.229,1.286],[0,2.556],[-2.227,-1.285],[0,-2.558]],"o":[[-2.227,-1.286],[0,-2.559],[2.228,1.287],[0,2.557]],"v":[[0.001,4.636],[-4.038,-2.333],[0.001,-4.635],[4.04,2.33]],"c":true},"ix":2},"nm":"Path 1","mn":"ADBE Vector Shape - Group","hd":false},{"ind":1,"ty":"sh","ix":2,"ks":{"a":0,"k":{"i":[[3.627,2.094],[0,-4.159],[-3.623,-2.092],[0,4.16]],"o":[[-3.623,-2.092],[0,4.161],[3.627,2.095],[0,-4.16]],"v":[[0.001,-7.546],[-6.574,-3.797],[0.001,7.543],[6.574,3.794]],"c":true},"ix":2},"nm":"Path 2","mn":"ADBE Vector Shape - Group","hd":false},{"ty":"mm","mm":1,"nm":"Merge Paths 1","mn":"ADBE Vector Filter - Merge","hd":false},{"ty":"fl","c":{"a":0,"k":[1,1,1,1],"ix":4},"o":{"a":0,"k":100,"ix":5},"r":1,"bm":0,"nm":"Fill 1","mn":"ADBE Vector Graphic - Fill","hd":false},{"ty":"tr","p":{"a":0,"k":[14.395,40.378],"ix":2},"a":{"a":0,"k":[0,0],"ix":1},"s":{"a":0,"k":[100,100],"ix":3},"r":{"a":0,"k":0,"ix":6},"o":{"a":0,"k":100,"ix":7},"sk":{"a":0,"k":0,"ix":4},"sa":{"a":0,"k":0,"ix":5},"nm":"Transform"}],"nm":"Group 7","np":4,"cix":2,"bm":0,"ix":7,"mn":"ADBE Vector Group","hd":false},{"ty":"gr","it":[{"ind":0,"ty":"sh","ix":1,"ks":{"a":0,"k":{"i":[[-2.413,-1.394],[0,0],[0,-2.786],[0,0],[2.413,1.393],[0,0],[0,0],[0,0],[0,0],[0,2.786],[0,0]],"o":[[0,0],[2.413,1.393],[0,0],[0,2.786],[0,0],[0,0],[0,0],[0,0],[-2.413,-1.393],[0,0],[0,-2.786]],"v":[[-23.953,-39.124],[23.955,-11.465],[28.34,-3.867],[28.34,31.344],[23.955,33.876],[16.254,29.431],[10.13,40.518],[10.13,25.894],[-23.953,6.217],[-28.34,-1.381],[-28.34,-36.592]],"c":true},"ix":2},"nm":"Path 1","mn":"ADBE Vector Shape - Group","hd":false},{"ty":"gf","o":{"a":0,"k":100,"ix":10},"r":1,"bm":0,"g":{"p":3,"k":{"a":0,"k":[0,0,0.761,0.973,0.5,0,0.657,0.967,1,0,0.553,0.961],"ix":9}},"s":{"a":0,"k":[0,0],"ix":5},"e":{"a":0,"k":[100,0],"ix":6},"t":1,"nm":"Gradient Fill 1","mn":"ADBE Vector Graphic - G-Fill","hd":false},{"ty":"tr","p":{"a":0,"k":[28.499,40.601],"ix":2},"a":{"a":0,"k":[0,0],"ix":1},"s":{"a":0,"k":[100,100],"ix":3},"r":{"a":0,"k":0,"ix":6},"o":{"a":0,"k":100,"ix":7},"sk":{"a":0,"k":0,"ix":4},"sa":{"a":0,"k":0,"ix":5},"nm":"Transform"}],"nm":"Group 8","np":2,"cix":2,"bm":0,"ix":8,"mn":"ADBE Vector Group","hd":false}],"ip":0,"op":176,"st":0,"bm":0},{"ddd":0,"ind":11,"ty":4,"nm":"billboard_text_2 Outlines","sr":1,"ks":{"o":{"a":1,"k":[{"i":{"x":[0.833],"y":[0.833]},"o":{"x":[0.167],"y":[0.167]},"t":74,"s":[0]},{"i":{"x":[0.833],"y":[0.833]},"o":{"x":[0.167],"y":[0.167]},"t":96,"s":[100]},{"i":{"x":[0.833],"y":[0.833]},"o":{"x":[0.167],"y":[0.167]},"t":124,"s":[100]},{"t":142,"s":[0]}],"ix":11},"r":{"a":0,"k":0,"ix":10},"p":{"a":0,"k":[276.75,177.725,0],"ix":2},"a":{"a":0,"k":[16.796,27.758,0],"ix":1},"s":{"a":0,"k":[100,100,100],"ix":6}},"ao":0,"shapes":[{"ty":"gr","it":[{"ind":0,"ty":"sh","ix":1,"ks":{"a":0,"k":{"i":[[0,0],[0,0],[0,0],[0,0],[0,0],[0,0],[0,0],[0,0],[0,0],[0,0],[0,0],[0,0]],"o":[[0,0],[0,0],[0,0],[0,0],[0,0],[0,0],[0,0],[0,0],[0,0],[0,0],[0,0],[0,0]],"v":[[-3.35,10.893],[-3.35,-7.025],[3.35,-10.893],[3.35,-8.178],[-0.995,-5.669],[-0.995,-0.783],[2.178,-2.615],[2.178,0.1],[-0.995,1.932],[-0.995,6.82],[3.35,4.311],[3.35,7.025]],"c":true},"ix":2},"nm":"Path 1","mn":"ADBE Vector Shape - Group","hd":false},{"ty":"fl","c":{"a":0,"k":[1,1,1,1],"ix":4},"o":{"a":0,"k":100,"ix":5},"r":1,"bm":0,"nm":"Fill 1","mn":"ADBE Vector Graphic - Fill","hd":false},{"ty":"tr","p":{"a":0,"k":[29.992,30.525],"ix":2},"a":{"a":0,"k":[0,0],"ix":1},"s":{"a":0,"k":[100,100],"ix":3},"r":{"a":0,"k":0,"ix":6},"o":{"a":0,"k":100,"ix":7},"sk":{"a":0,"k":0,"ix":4},"sa":{"a":0,"k":0,"ix":5},"nm":"Transform"}],"nm":"Group 1","np":2,"cix":2,"bm":0,"ix":1,"mn":"ADBE Vector Group","hd":false},{"ty":"gr","it":[{"ind":0,"ty":"sh","ix":1,"ks":{"a":0,"k":{"i":[[0,0],[0,0],[0,0],[0,0],[0,0],[0,0]],"o":[[0,0],[0,0],[0,0],[0,0],[0,0],[0,0]],"v":[[3.206,5.928],[-3.206,9.631],[-3.206,-8.272],[-0.852,-9.631],[-0.852,5.586],[3.206,3.242]],"c":true},"ix":2},"nm":"Path 1","mn":"ADBE Vector Shape - Group","hd":false},{"ty":"fl","c":{"a":0,"k":[1,1,1,1],"ix":4},"o":{"a":0,"k":100,"ix":5},"r":1,"bm":0,"nm":"Fill 1","mn":"ADBE Vector Graphic - Fill","hd":false},{"ty":"tr","p":{"a":0,"k":[22.238,36.181],"ix":2},"a":{"a":0,"k":[0,0],"ix":1},"s":{"a":0,"k":[100,100],"ix":3},"r":{"a":0,"k":0,"ix":6},"o":{"a":0,"k":100,"ix":7},"sk":{"a":0,"k":0,"ix":4},"sa":{"a":0,"k":0,"ix":5},"nm":"Transform"}],"nm":"Group 2","np":2,"cix":2,"bm":0,"ix":2,"mn":"ADBE Vector Group","hd":false},{"ty":"gr","it":[{"ind":0,"ty":"sh","ix":1,"ks":{"a":0,"k":{"i":[[0,0],[0,0],[0,0]],"o":[[0,0],[0,0],[0,0]],"v":[[0.006,-5.609],[-0.865,1.952],[0.878,0.946]],"c":true},"ix":2},"nm":"Path 1","mn":"ADBE Vector Shape - Group","hd":false},{"ind":1,"ty":"sh","ix":2,"ks":{"a":0,"k":{"i":[[0,0],[0,0],[0,0],[0,0],[0,0],[0,0],[0,0],[0,0]],"o":[[0,0],[0,0],[0,0],[0,0],[0,0],[0,0],[0,0],[0,0]],"v":[[-1.229,4.79],[-1.802,9.236],[-4.252,10.652],[-1.6,-8.783],[1.638,-10.652],[4.252,5.743],[1.777,7.17],[1.228,3.372]],"c":true},"ix":2},"nm":"Path 2","mn":"ADBE Vector Shape - Group","hd":false},{"ty":"mm","mm":1,"nm":"Merge Paths 1","mn":"ADBE Vector Filter - Merge","hd":false},{"ty":"fl","c":{"a":0,"k":[1,1,1,1],"ix":4},"o":{"a":0,"k":100,"ix":5},"r":1,"bm":0,"nm":"Fill 1","mn":"ADBE Vector Graphic - Fill","hd":false},{"ty":"tr","p":{"a":0,"k":[13.22,40.97],"ix":2},"a":{"a":0,"k":[0,0],"ix":1},"s":{"a":0,"k":[100,100],"ix":3},"r":{"a":0,"k":0,"ix":6},"o":{"a":0,"k":100,"ix":7},"sk":{"a":0,"k":0,"ix":4},"sa":{"a":0,"k":0,"ix":5},"nm":"Transform"}],"nm":"Group 3","np":4,"cix":2,"bm":0,"ix":3,"mn":"ADBE Vector Group","hd":false},{"ty":"gr","it":[{"ind":0,"ty":"sh","ix":1,"ks":{"a":0,"k":{"i":[[-0.009,-0.5],[0.581,-1.221],[0.697,-0.65],[0.498,-0.288],[0.606,0.174],[0.294,0.568],[0.05,0.925],[0,0],[-0.381,-0.249],[-0.365,0.229],[-0.307,0.74],[0,0.515],[0.588,0.394],[0.929,0.474],[0.324,0.5],[0,0.905],[-0.954,1.39],[-0.872,0.503],[-0.598,-0.084],[-0.286,-0.435],[-0.059,-0.747],[0,0],[0.299,0.236],[0.407,-0.235],[0.225,-0.567],[0,-0.524],[-0.614,-0.493],[-0.465,-0.169],[-0.174,-0.109],[-0.315,-0.465],[-0.09,-0.204]],"o":[[0.017,1.238],[-0.382,0.821],[-0.373,0.348],[-0.922,0.533],[-0.506,-0.136],[-0.295,-0.566],[0,0],[0.1,0.987],[0.282,0.191],[0.515,-0.316],[0.158,-0.368],[0,-0.744],[-0.466,-0.236],[-0.781,-0.416],[-0.347,-0.571],[0,-1.631],[0.59,-0.846],[0.838,-0.484],[0.465,0.066],[0.286,0.434],[0,0],[-0.068,-0.694],[-0.215,-0.172],[-0.431,0.249],[-0.183,0.459],[0,0.819],[0.233,0.189],[0.548,0.208],[0.581,0.332],[0.15,0.218],[0.225,0.51]],"v":[[3.883,2.27],[3.036,5.959],[1.417,8.166],[0.111,9.12],[-2.182,9.658],[-3.383,8.6],[-3.9,6.363],[-1.658,4.883],[-0.936,6.736],[0.035,6.678],[1.268,5.093],[1.505,3.77],[0.62,2.063],[-1.471,0.997],[-3.128,-0.378],[-3.652,-2.592],[-2.219,-7.124],[-0.027,-9.146],[2.126,-9.748],[3.253,-8.998],[3.771,-7.225],[1.518,-5.453],[0.969,-6.849],[0.035,-6.753],[-0.949,-5.529],[-1.221,-4.056],[-0.301,-2.087],[0.745,-1.548],[1.827,-1.074],[3.173,0.122],[3.533,0.756]],"c":true},"ix":2},"nm":"Path 1","mn":"ADBE Vector Shape - Group","hd":false},{"ty":"fl","c":{"a":0,"k":[1,1,1,1],"ix":4},"o":{"a":0,"k":100,"ix":5},"r":1,"bm":0,"nm":"Fill 1","mn":"ADBE Vector Graphic - Fill","hd":false},{"ty":"tr","p":{"a":0,"k":[4.149,45.435],"ix":2},"a":{"a":0,"k":[0,0],"ix":1},"s":{"a":0,"k":[100,100],"ix":3},"r":{"a":0,"k":0,"ix":6},"o":{"a":0,"k":100,"ix":7},"sk":{"a":0,"k":0,"ix":4},"sa":{"a":0,"k":0,"ix":5},"nm":"Transform"}],"nm":"Group 4","np":2,"cix":2,"bm":0,"ix":4,"mn":"ADBE Vector Group","hd":false},{"ty":"gr","it":[{"ind":0,"ty":"sh","ix":1,"ks":{"a":0,"k":{"i":[[1.021,-0.59],[0.726,0.418],[0,1.172],[0,0],[-0.73,1.256],[-1.029,0.595],[-0.723,-0.421],[0,-1.18],[0,0],[0,0],[0,0],[0.265,0.151],[0.373,-0.215],[0.261,-0.456],[0,-0.43],[0,0],[-0.262,-0.149],[-0.374,0.215],[-0.266,0.452],[0,0.428],[0,0],[0,0],[0,0],[0,0],[0,0],[0.729,-1.249]],"o":[[-1.037,0.599],[-0.727,-0.419],[0,0],[0,-1.19],[0.731,-1.254],[1.038,-0.599],[0.722,0.422],[0,0],[0,0],[0,0],[0,-0.428],[-0.266,-0.151],[-0.374,0.216],[-0.262,0.455],[0,0],[0,0.429],[0.261,0.149],[0.373,-0.216],[0.265,-0.453],[0,0],[0,0],[0,0],[0,0],[0,0],[0,1.192],[-0.731,1.251]],"v":[[0.006,9.166],[-2.64,9.437],[-3.729,7.05],[-3.729,-2.724],[-2.634,-6.393],[0.006,-9.167],[2.646,-9.434],[3.729,-7.03],[3.729,-4.986],[1.289,-3.577],[1.289,-5.678],[0.89,-6.548],[-0.068,-6.452],[-1.021,-5.444],[-1.413,-4.117],[-1.413,5.684],[-1.021,6.551],[-0.068,6.451],[0.89,5.449],[1.289,4.128],[1.289,0.609],[-0.018,1.364],[-0.018,-1.351],[3.729,-3.514],[3.729,2.744],[2.634,6.405]],"c":true},"ix":2},"nm":"Path 1","mn":"ADBE Vector Shape - Group","hd":false},{"ty":"fl","c":{"a":0,"k":[1,1,1,1],"ix":4},"o":{"a":0,"k":100,"ix":5},"r":1,"bm":0,"nm":"Fill 1","mn":"ADBE Vector Graphic - Fill","hd":false},{"ty":"tr","p":{"a":0,"k":[23.578,10.105],"ix":2},"a":{"a":0,"k":[0,0],"ix":1},"s":{"a":0,"k":[100,100],"ix":3},"r":{"a":0,"k":0,"ix":6},"o":{"a":0,"k":100,"ix":7},"sk":{"a":0,"k":0,"ix":4},"sa":{"a":0,"k":0,"ix":5},"nm":"Transform"}],"nm":"Group 5","np":2,"cix":2,"bm":0,"ix":5,"mn":"ADBE Vector Group","hd":false},{"ty":"gr","it":[{"ind":0,"ty":"sh","ix":1,"ks":{"a":0,"k":{"i":[[0,0],[0,0],[0,0],[0,0]],"o":[[0,0],[0,0],[0,0],[0,0]],"v":[[1.177,8.272],[-1.177,9.631],[-1.177,-8.272],[1.177,-9.631]],"c":true},"ix":2},"nm":"Path 1","mn":"ADBE Vector Shape - Group","hd":false},{"ty":"fl","c":{"a":0,"k":[1,1,1,1],"ix":4},"o":{"a":0,"k":100,"ix":5},"r":1,"bm":0,"nm":"Fill 1","mn":"ADBE Vector Graphic - Fill","hd":false},{"ty":"tr","p":{"a":0,"k":[17.013,13.884],"ix":2},"a":{"a":0,"k":[0,0],"ix":1},"s":{"a":0,"k":[100,100],"ix":3},"r":{"a":0,"k":0,"ix":6},"o":{"a":0,"k":100,"ix":7},"sk":{"a":0,"k":0,"ix":4},"sa":{"a":0,"k":0,"ix":5},"nm":"Transform"}],"nm":"Group 6","np":2,"cix":2,"bm":0,"ix":6,"mn":"ADBE Vector Group","hd":false},{"ty":"gr","it":[{"ind":0,"ty":"sh","ix":1,"ks":{"a":0,"k":{"i":[[0,0],[0,0],[-0.307,1.121],[0,0.418],[0.332,0.266],[0.581,-0.335],[0,0]],"o":[[0,0],[0.796,-0.459],[0.107,-0.385],[0,-1],[-0.299,-0.247],[0,0],[0,0]],"v":[[-1.426,6.207],[-0.442,5.639],[1.214,3.268],[1.376,2.061],[0.878,0.162],[-0.442,0.295],[-1.426,0.863]],"c":true},"ix":2},"nm":"Path 1","mn":"ADBE Vector Shape - Group","hd":false},{"ind":1,"ty":"sh","ix":2,"ks":{"a":0,"k":{"i":[[0,0],[0,0],[-0.249,0.963],[0,0.448],[0.315,0.199],[0.464,-0.269],[0,0]],"o":[[0,0],[0.73,-0.422],[0.091,-0.358],[0,-0.743],[-0.291,-0.186],[0,0],[0,0]],"v":[[-1.426,-1.724],[-0.442,-2.291],[1.027,-4.368],[1.164,-5.576],[0.691,-6.988],[-0.442,-6.863],[-1.426,-6.296]],"c":true},"ix":2},"nm":"Path 2","mn":"ADBE Vector Shape - Group","hd":false},{"ind":2,"ty":"sh","ix":3,"ks":{"a":0,"k":{"i":[[0,0],[0,0],[0,0],[-0.747,-0.129],[-0.272,-0.843],[0,-0.732],[0.555,-1.045],[0.315,-0.343],[-0.366,-0.465],[-0.117,-0.656],[0,-0.457],[0.374,-1.007],[0.531,-0.678],[0.589,-0.341]],"o":[[0,0],[0,0],[0.929,-0.537],[0.64,0.108],[0.151,0.448],[0,1.202],[-0.233,0.438],[0.523,-0.073],[0.24,0.319],[0.057,0.338],[0,1.132],[-0.29,0.786],[-0.598,0.765],[0,0]],"v":[[-3.966,10.346],[-3.966,-7.572],[-0.442,-9.607],[2.073,-10.217],[3.442,-8.792],[3.667,-7.022],[2.833,-3.652],[2.011,-2.479],[3.344,-1.891],[3.879,-0.428],[3.966,0.766],[3.405,3.976],[2.173,6.172],[0.392,7.83]],"c":true},"ix":2},"nm":"Path 3","mn":"ADBE Vector Shape - Group","hd":false},{"ty":"mm","mm":1,"nm":"Merge Paths 1","mn":"ADBE Vector Filter - Merge","hd":false},{"ty":"fl","c":{"a":0,"k":[1,1,1,1],"ix":4},"o":{"a":0,"k":100,"ix":5},"r":1,"bm":0,"nm":"Fill 1","mn":"ADBE Vector Graphic - Fill","hd":false},{"ty":"tr","p":{"a":0,"k":[10.249,18.685],"ix":2},"a":{"a":0,"k":[0,0],"ix":1},"s":{"a":0,"k":[100,100],"ix":3},"r":{"a":0,"k":0,"ix":6},"o":{"a":0,"k":100,"ix":7},"sk":{"a":0,"k":0,"ix":4},"sa":{"a":0,"k":0,"ix":5},"nm":"Transform"}],"nm":"Group 7","np":5,"cix":2,"bm":0,"ix":7,"mn":"ADBE Vector Group","hd":false}],"ip":74,"op":175,"st":0,"bm":0},{"ddd":0,"ind":12,"ty":4,"nm":"billboard_text","sr":1,"ks":{"o":{"a":1,"k":[{"i":{"x":[0.833],"y":[0.833]},"o":{"x":[0.167],"y":[0.167]},"t":0,"s":[0]},{"i":{"x":[0.833],"y":[0.833]},"o":{"x":[0.167],"y":[0.167]},"t":31,"s":[100]},{"i":{"x":[0.833],"y":[0.833]},"o":{"x":[0.167],"y":[0.167]},"t":54,"s":[100]},{"i":{"x":[0.833],"y":[0.833]},"o":{"x":[0.167],"y":[0.167]},"t":74,"s":[0]},{"i":{"x":[0.833],"y":[0.833]},"o":{"x":[0.167],"y":[0.167]},"t":142,"s":[0]},{"t":162,"s":[100]}],"ix":11},"r":{"a":0,"k":0,"ix":10},"p":{"a":0,"k":[276.231,176.881,0],"ix":2},"a":{"a":0,"k":[14.429,31.392,0],"ix":1},"s":{"a":0,"k":[100,100,100],"ix":6}},"ao":0,"shapes":[{"ty":"gr","it":[{"ind":0,"ty":"sh","ix":1,"ks":{"a":0,"k":{"i":[[0,0],[0,0],[0,0],[0,0],[0,0],[0,0],[0,0],[0,0],[0,0],[0,0]],"o":[[0,0],[0,0],[0,0],[0,0],[0,0],[0,0],[0,0],[0,0],[0,0],[0,0]],"v":[[-3.564,-4.224],[3.564,-8.338],[3.564,-5.887],[-0.896,-3.312],[-0.896,-0.663],[2.441,-2.59],[2.441,-0.211],[-0.896,1.715],[-0.896,6.798],[-3.564,8.337]],"c":true},"ix":2},"nm":"Path 1","mn":"ADBE Vector Shape - Group","hd":false},{"ty":"mm","mm":4,"nm":"Merge Paths 1","mn":"ADBE Vector Filter - Merge","hd":false},{"ty":"fl","c":{"a":0,"k":[1,1,1,1],"ix":4},"o":{"a":0,"k":100,"ix":5},"r":1,"bm":0,"nm":"Fill 1","mn":"ADBE Vector Graphic - Fill","hd":false},{"ty":"tr","p":{"a":0,"k":[25.045,43.272],"ix":2},"a":{"a":0,"k":[0,0],"ix":1},"s":{"a":0,"k":[100,100],"ix":3},"r":{"a":0,"k":0,"ix":6},"o":{"a":0,"k":100,"ix":7},"sk":{"a":0,"k":0,"ix":4},"sa":{"a":0,"k":0,"ix":5},"nm":"Transform"}],"nm":"Group 1","np":3,"cix":2,"bm":0,"ix":1,"mn":"ADBE Vector Group","hd":false},{"ty":"gr","it":[{"ind":0,"ty":"sh","ix":1,"ks":{"a":0,"k":{"i":[[0,0],[0,0],[0,0],[0,0],[0,0],[0,0],[0,0],[0,0],[0,0],[0,0]],"o":[[0,0],[0,0],[0,0],[0,0],[0,0],[0,0],[0,0],[0,0],[0,0],[0,0]],"v":[[-3.563,-4.223],[3.563,-8.338],[3.563,-5.887],[-0.896,-3.312],[-0.896,-0.663],[2.44,-2.59],[2.44,-0.21],[-0.896,1.716],[-0.896,6.798],[-3.563,8.338]],"c":true},"ix":2},"nm":"Path 1","mn":"ADBE Vector Shape - Group","hd":false},{"ty":"mm","mm":4,"nm":"Merge Paths 1","mn":"ADBE Vector Filter - Merge","hd":false},{"ty":"fl","c":{"a":0,"k":[1,1,1,1],"ix":4},"o":{"a":0,"k":100,"ix":5},"r":1,"bm":0,"nm":"Fill 1","mn":"ADBE Vector Graphic - Fill","hd":false},{"ty":"tr","p":{"a":0,"k":[16.518,48.196],"ix":2},"a":{"a":0,"k":[0,0],"ix":1},"s":{"a":0,"k":[100,100],"ix":3},"r":{"a":0,"k":0,"ix":6},"o":{"a":0,"k":100,"ix":7},"sk":{"a":0,"k":0,"ix":4},"sa":{"a":0,"k":0,"ix":5},"nm":"Transform"}],"nm":"Group 2","np":3,"cix":2,"bm":0,"ix":2,"mn":"ADBE Vector Group","hd":false},{"ty":"gr","it":[{"ind":0,"ty":"sh","ix":1,"ks":{"a":0,"k":{"i":[[-1.777,1.026],[0,2.2],[1.747,-1.009],[0,-2.237]],"o":[[1.747,-1.009],[0,-2.238],[-1.777,1.027],[0,2.201]],"v":[[0.016,3.646],[2.9,-1.669],[0.016,-3.654],[-2.885,1.671]],"c":true},"ix":2},"nm":"Path 1","mn":"ADBE Vector Shape - Group","hd":false},{"ind":1,"ty":"sh","ix":2,"ks":{"a":0,"k":{"i":[[3.103,-1.792],[0,3.775],[-3.103,1.791],[0,-3.776]],"o":[[-3.103,1.791],[0,-3.776],[3.119,-1.801],[0,3.776]],"v":[[0.016,6.438],[-5.613,3.247],[0.016,-6.428],[5.613,-3.236]],"c":true},"ix":2},"nm":"Path 2","mn":"ADBE Vector Shape - Group","hd":false},{"ty":"mm","mm":1,"nm":"Merge Paths 1","mn":"ADBE Vector Filter - Merge","hd":false},{"ty":"mm","mm":4,"nm":"Merge Paths 2","mn":"ADBE Vector Filter - Merge","hd":false},{"ty":"fl","c":{"a":0,"k":[1,1,1,1],"ix":4},"o":{"a":0,"k":100,"ix":5},"r":1,"bm":0,"nm":"Fill 1","mn":"ADBE Vector Graphic - Fill","hd":false},{"ty":"tr","p":{"a":0,"k":[5.864,54.306],"ix":2},"a":{"a":0,"k":[0,0],"ix":1},"s":{"a":0,"k":[100,100],"ix":3},"r":{"a":0,"k":0,"ix":6},"o":{"a":0,"k":100,"ix":7},"sk":{"a":0,"k":0,"ix":4},"sa":{"a":0,"k":0,"ix":5},"nm":"Transform"}],"nm":"Group 3","np":5,"cix":2,"bm":0,"ix":3,"mn":"ADBE Vector Group","hd":false},{"ty":"gr","it":[{"ind":0,"ty":"sh","ix":1,"ks":{"a":0,"k":{"i":[[0,-1.542],[-0.857,0.496],[0,1.541],[0.857,-0.495]],"o":[[0,1.541],[0.857,-0.495],[0,-1.542],[-0.857,0.495]],"v":[[5.402,3.243],[6.774,4.682],[8.174,1.643],[6.774,0.189]],"c":true},"ix":2},"nm":"Path 1","mn":"ADBE Vector Shape - Group","hd":false},{"ind":1,"ty":"sh","ix":2,"ks":{"a":0,"k":{"i":[[-2.715,1.568],[0,-3.673],[2.715,-1.567],[0,3.64]],"o":[[2.715,-1.567],[0,3.641],[-2.715,1.569],[0,-3.673]],"v":[[6.802,-3.109],[11.548,-0.305],[6.802,7.977],[2.058,5.174]],"c":true},"ix":2},"nm":"Path 2","mn":"ADBE Vector Shape - Group","hd":false},{"ind":2,"ty":"sh","ix":3,"ks":{"a":0,"k":{"i":[[0,0],[0,0],[0,0],[0,0]],"o":[[0,0],[0,0],[0,0],[0,0]],"v":[[3.144,-13.361],[7.86,-16.083],[-3.145,13.361],[-7.861,16.083]],"c":true},"ix":2},"nm":"Path 3","mn":"ADBE Vector Shape - Group","hd":false},{"ind":3,"ty":"sh","ix":4,"ks":{"a":0,"k":{"i":[[0,-1.575],[-0.857,0.495],[0,1.541],[0.858,-0.496]],"o":[[0,1.541],[0.858,-0.495],[0,-1.576],[-0.857,0.495]],"v":[[-8.175,-1.643],[-6.804,-0.204],[-5.403,-3.243],[-6.804,-4.699]],"c":true},"ix":2},"nm":"Path 4","mn":"ADBE Vector Shape - Group","hd":false},{"ind":4,"ty":"sh","ix":5,"ks":{"a":0,"k":{"i":[[-2.716,1.567],[0,-3.641],[2.716,-1.568],[0,3.64]],"o":[[2.716,-1.569],[0,3.641],[-2.716,1.568],[0,-3.642]],"v":[[-6.775,-7.995],[-2.03,-5.191],[-6.775,3.09],[-11.548,0.305]],"c":true},"ix":2},"nm":"Path 5","mn":"ADBE Vector Shape - Group","hd":false},{"ty":"mm","mm":1,"nm":"Merge Paths 1","mn":"ADBE Vector Filter - Merge","hd":false},{"ty":"mm","mm":4,"nm":"Merge Paths 2","mn":"ADBE Vector Filter - Merge","hd":false},{"ty":"fl","c":{"a":0,"k":[1,1,1,1],"ix":4},"o":{"a":0,"k":100,"ix":5},"r":1,"bm":0,"nm":"Fill 1","mn":"ADBE Vector Graphic - Fill","hd":false},{"ty":"tr","p":{"a":0,"k":[14.391,16.334],"ix":2},"a":{"a":0,"k":[0,0],"ix":1},"s":{"a":0,"k":[100,100],"ix":3},"r":{"a":0,"k":0,"ix":6},"o":{"a":0,"k":100,"ix":7},"sk":{"a":0,"k":0,"ix":4},"sa":{"a":0,"k":0,"ix":5},"nm":"Transform"}],"nm":"Group 4","np":8,"cix":2,"bm":0,"ix":4,"mn":"ADBE Vector Group","hd":false}],"ip":0,"op":176,"st":0,"bm":0},{"ddd":0,"ind":13,"ty":4,"nm":"billboard","sr":1,"ks":{"o":{"a":0,"k":100,"ix":11},"r":{"a":0,"k":0,"ix":10},"p":{"a":0,"k":[274.534,152.356,0],"ix":2},"a":{"a":0,"k":[25.457,83.207,0],"ix":1},"s":{"a":0,"k":[100,100,100],"ix":6}},"ao":0,"shapes":[{"ty":"gr","it":[{"ind":0,"ty":"sh","ix":1,"ks":{"a":0,"k":{"i":[[0,0],[0,0],[0,0],[0,0]],"o":[[0,0],[0,0],[0,0],[0,0]],"v":[[20.895,-56.658],[20.895,32.715],[-20.895,56.658],[-20.895,-32.294]],"c":true},"ix":2},"nm":"Path 1","mn":"ADBE Vector Shape - Group","hd":false},{"ty":"mm","mm":4,"nm":"Merge Paths 1","mn":"ADBE Vector Filter - Merge","hd":false},{"ty":"fl","c":{"a":0,"k":[0.13300000359,0.757000014361,0.948999980852,1],"ix":4},"o":{"a":0,"k":100,"ix":5},"r":1,"bm":0,"nm":"Fill 1","mn":"ADBE Vector Graphic - Fill","hd":false},{"ty":"tr","p":{"a":0,"k":[27.027,104.943],"ix":2},"a":{"a":0,"k":[0,0],"ix":1},"s":{"a":0,"k":[100,100],"ix":3},"r":{"a":0,"k":0,"ix":6},"o":{"a":0,"k":100,"ix":7},"sk":{"a":0,"k":0,"ix":4},"sa":{"a":0,"k":0,"ix":5},"nm":"Transform"}],"nm":"Group 1","np":3,"cix":2,"bm":0,"ix":1,"mn":"ADBE Vector Group","hd":false},{"ty":"gr","it":[{"ty":"fl","c":{"a":0,"k":[0.5,0.5,0.5,1],"ix":4},"o":{"a":0,"k":100,"ix":5},"r":1,"bm":0,"nm":"Fill 1","mn":"ADBE Vector Graphic - Fill","hd":false},{"ty":"tr","p":{"a":0,"k":[4.683,165.089],"ix":2},"a":{"a":0,"k":[0,0],"ix":1},"s":{"a":0,"k":[100,100],"ix":3},"r":{"a":0,"k":0,"ix":6},"o":{"a":0,"k":100,"ix":7},"sk":{"a":0,"k":0,"ix":4},"sa":{"a":0,"k":0,"ix":5},"nm":"Transform"}],"nm":"Group 2","np":3,"cix":2,"bm":0,"ix":2,"mn":"ADBE Vector Group","hd":false},{"ty":"gr","it":[{"ind":0,"ty":"sh","ix":1,"ks":{"a":0,"k":{"i":[[0,0],[0,0],[1.254,-0.717],[0,0],[0,-2.751],[0,0],[-0.8,-0.449],[0,0],[0,0],[0,1.359],[0,0],[-2.402,1.376],[0,0],[-0.799,-0.516],[0,0]],"o":[[0,0],[-0.798,-0.519],[0,0],[-2.402,1.376],[0,0],[0,1.384],[0,0],[0,0],[-0.775,-0.46],[0,0],[0,-2.751],[0,0],[1.249,-0.717],[0,0],[0,0]],"v":[[21.477,-61.915],[21.473,-61.91],[18.292,-61.678],[-20.245,-39.6],[-24.613,-32.096],[-24.613,57.615],[-23.314,60.419],[-23.316,60.42],[-20.215,62.428],[-21.471,59.649],[-21.471,-30.061],[-17.105,-37.564],[21.434,-59.644],[24.611,-59.878],[24.613,-59.882]],"c":true},"ix":2},"nm":"Path 1","mn":"ADBE Vector Shape - Group","hd":false},{"ty":"mm","mm":4,"nm":"Merge Paths 1","mn":"ADBE Vector Filter - Merge","hd":false},{"ty":"fl","c":{"a":0,"k":[0.777000038297,0.777000038297,0.777000038297,1],"ix":4},"o":{"a":0,"k":100,"ix":5},"r":1,"bm":0,"nm":"Fill 1","mn":"ADBE Vector Graphic - Fill","hd":false},{"ty":"tr","p":{"a":0,"k":[24.863,102.638],"ix":2},"a":{"a":0,"k":[0,0],"ix":1},"s":{"a":0,"k":[100,100],"ix":3},"r":{"a":0,"k":0,"ix":6},"o":{"a":0,"k":100,"ix":7},"sk":{"a":0,"k":0,"ix":4},"sa":{"a":0,"k":0,"ix":5},"nm":"Transform"}],"nm":"Group 3","np":3,"cix":2,"bm":0,"ix":3,"mn":"ADBE Vector Group","hd":false},{"ty":"gr","it":[{"ind":0,"ty":"sh","ix":1,"ks":{"a":0,"k":{"i":[[0,0],[2.4,-1.376],[0,0],[0,2.752],[0,0],[-2.402,1.376],[0,0],[0,-2.751]],"o":[[0,2.752],[0,0],[-2.402,1.375],[0,0],[0,-2.751],[0,0],[2.4,-1.376],[0,0]],"v":[[23.635,31.314],[19.27,38.818],[-19.27,60.898],[-23.635,58.397],[-23.635,-31.314],[-19.27,-38.818],[19.27,-60.896],[23.635,-58.396]],"c":true},"ix":2},"nm":"Path 1","mn":"ADBE Vector Shape - Group","hd":false},{"ty":"mm","mm":4,"nm":"Merge Paths 1","mn":"ADBE Vector Filter - Merge","hd":false},{"ty":"fl","c":{"a":0,"k":[0.910000011968,0.925,0.969000004787,1],"ix":4},"o":{"a":0,"k":100,"ix":5},"r":1,"bm":0,"nm":"Fill 1","mn":"ADBE Vector Graphic - Fill","hd":false},{"ty":"tr","p":{"a":0,"k":[27.028,103.891],"ix":2},"a":{"a":0,"k":[0,0],"ix":1},"s":{"a":0,"k":[100,100],"ix":3},"r":{"a":0,"k":0,"ix":6},"o":{"a":0,"k":100,"ix":7},"sk":{"a":0,"k":0,"ix":4},"sa":{"a":0,"k":0,"ix":5},"nm":"Transform"}],"nm":"Group 4","np":3,"cix":2,"bm":0,"ix":4,"mn":"ADBE Vector Group","hd":false},{"ty":"gr","it":[{"ind":0,"ty":"sh","ix":1,"ks":{"a":0,"k":{"i":[[0,0],[0,0]],"o":[[0,0],[0,0]],"v":[[37.663,44.375],[37.663,0.375]],"c":false},"ix":2},"nm":"Path 1","mn":"ADBE Vector Shape - Group","hd":false},{"ty":"st","c":{"a":0,"k":[0.5,0.5,0.5,1],"ix":3},"o":{"a":0,"k":100,"ix":4},"w":{"a":0,"k":0.75,"ix":5},"lc":1,"lj":1,"ml":10,"bm":0,"nm":"Stroke 1","mn":"ADBE Vector Graphic - Stroke","hd":false},{"ty":"tr","p":{"a":0,"k":[0,0],"ix":2},"a":{"a":0,"k":[0,0],"ix":1},"s":{"a":0,"k":[100,100],"ix":3},"r":{"a":0,"k":0,"ix":6},"o":{"a":0,"k":100,"ix":7},"sk":{"a":0,"k":0,"ix":4},"sa":{"a":0,"k":0,"ix":5},"nm":"Transform"}],"nm":"Group 5","np":2,"cix":2,"bm":0,"ix":5,"mn":"ADBE Vector Group","hd":false},{"ty":"gr","it":[{"ind":0,"ty":"sh","ix":1,"ks":{"a":0,"k":{"i":[[0,0],[0,0]],"o":[[0,0],[0,0]],"v":[[10.663,62.375],[10.663,10.375]],"c":false},"ix":2},"nm":"Path 1","mn":"ADBE Vector Shape - Group","hd":false},{"ty":"st","c":{"a":0,"k":[0.5,0.5,0.5,1],"ix":3},"o":{"a":0,"k":100,"ix":4},"w":{"a":0,"k":0.75,"ix":5},"lc":1,"lj":1,"ml":10,"bm":0,"nm":"Stroke 1","mn":"ADBE Vector Graphic - Stroke","hd":false},{"ty":"tr","p":{"a":0,"k":[0,0],"ix":2},"a":{"a":0,"k":[0,0],"ix":1},"s":{"a":0,"k":[100,100],"ix":3},"r":{"a":0,"k":0,"ix":6},"o":{"a":0,"k":100,"ix":7},"sk":{"a":0,"k":0,"ix":4},"sa":{"a":0,"k":0,"ix":5},"nm":"Transform"}],"nm":"Group 6","np":2,"cix":2,"bm":0,"ix":6,"mn":"ADBE Vector Group","hd":false}],"ip":0,"op":176,"st":0,"bm":0},{"ddd":0,"ind":14,"ty":2,"nm":"Index_banner_3.ai","cl":"ai","refId":"image_0","sr":1,"ks":{"o":{"a":0,"k":100,"ix":11},"r":{"a":0,"k":0,"ix":10},"p":{"a":0,"k":[541.5,288,0],"ix":2},"a":{"a":0,"k":[540,290,0],"ix":1},"s":{"a":0,"k":[100,100,100],"ix":6}},"ao":0,"ip":0,"op":179,"st":0,"bm":0},{"ddd":0,"ind":15,"ty":4,"nm":"line","sr":1,"ks":{"o":{"a":0,"k":100,"ix":11},"r":{"a":0,"k":0,"ix":10},"p":{"a":0,"k":[487,387,0],"ix":2},"a":{"a":0,"k":[0,0,0],"ix":1},"s":{"a":0,"k":[100,100,100],"ix":6}},"ao":0,"shapes":[{"ty":"gr","it":[{"ind":0,"ty":"sh","ix":1,"ks":{"a":0,"k":{"i":[[0,0],[-20.25,1.75],[-44.5,6.5],[-40.75,16],[-58,-3.75],[-27.25,-14],[-11.25,-16],[52.5,35],[51.25,-5],[39.75,-19.25],[24.25,-5],[12.5,-17.25],[33.75,28.75],[61.25,-11.25],[25.75,-27.5],[-27,-32.25]],"o":[[0,0],[20.25,-1.75],[44.5,-6.5],[40.75,-16],[58,3.75],[27.25,14],[11.25,16],[-52.5,-35],[-51.25,5],[-39.75,19.25],[-24.25,5],[-12.5,17.25],[-33.75,-28.75],[-61.25,11.25],[-25.75,27.5],[27,32.25]],"v":[[-297,-82],[-255,-106.75],[-145.75,-98.75],[-38.5,-138.5],[119.75,-171.25],[276.75,-117.25],[371,-52.75],[319.75,-72.75],[187,-128.5],[91.5,-73.25],[9.5,-53],[-36.25,-8.5],[-95,-6.25],[-207.75,-30.5],[-338,42],[-350.75,136.75]],"c":false},"ix":2},"nm":"Path 1","mn":"ADBE Vector Shape - Group","hd":false},{"ty":"st","c":{"a":0,"k":[0.133333333333,0.756862804936,0.949019667682,1],"ix":3},"o":{"a":0,"k":100,"ix":4},"w":{"a":0,"k":2.5,"ix":5},"lc":2,"lj":2,"bm":0,"d":[{"n":"d","nm":"dash","v":{"a":0,"k":0,"ix":1}},{"n":"g","nm":"gap","v":{"a":0,"k":6,"ix":2}},{"n":"o","nm":"offset","v":{"a":0,"k":-35,"ix":7}}],"nm":"Stroke 1","mn":"ADBE Vector Graphic - Stroke","hd":false},{"ty":"tr","p":{"a":0,"k":[0,0],"ix":2},"a":{"a":0,"k":[0,0],"ix":1},"s":{"a":0,"k":[100,100],"ix":3},"r":{"a":0,"k":0,"ix":6},"o":{"a":0,"k":100,"ix":7},"sk":{"a":0,"k":0,"ix":4},"sa":{"a":0,"k":0,"ix":5},"nm":"Transform"}],"nm":"Shape 1","np":3,"cix":2,"bm":0,"ix":1,"mn":"ADBE Vector Group","hd":false},{"ty":"tm","s":{"a":1,"k":[{"i":{"x":[0.833],"y":[0.833]},"o":{"x":[0.167],"y":[0.167]},"t":0,"s":[0]},{"t":175,"s":[100]}],"ix":1},"e":{"a":0,"k":0,"ix":2},"o":{"a":0,"k":0,"ix":3},"m":1,"ix":2,"nm":"Trim Paths 1","mn":"ADBE Vector Filter - Trim","hd":false}],"ip":0,"op":176,"st":0,"bm":0},{"ddd":0,"ind":16,"ty":4,"nm":"Shape Layer 1","sr":1,"ks":{"o":{"a":0,"k":100,"ix":11},"r":{"a":0,"k":0,"ix":10},"p":{"a":0,"k":[540,290,0],"ix":2},"a":{"a":0,"k":[0,0,0],"ix":1},"s":{"a":0,"k":[100,100,100],"ix":6}},"ao":0,"shapes":[{"ty":"gr","it":[{"ind":0,"ty":"sh","ix":1,"ks":{"a":0,"k":{"i":[[0,0],[-35.25,0],[-103,32],[-25.5,-4.5],[5.5,-19],[49.5,-3.5],[21.5,-7.5],[37,6],[54.5,-11.5],[6.5,-51]],"o":[[0,0],[35.25,0],[103,-32],[25.5,4.5],[-5.5,19],[-49.5,3.5],[-21.5,7.5],[-37,-6],[-54.5,11.5],[-6.5,51]],"v":[[-346.25,14],[-223,12.5],[-44,-27],[163.5,-33],[321.5,53.5],[124,15.5],[5.5,38.5],[-113,108],[-303,112],[-411,227.5]],"c":false},"ix":2},"nm":"Path 1","mn":"ADBE Vector Shape - Group","hd":false},{"ty":"st","c":{"a":0,"k":[0,0,0,1],"ix":3},"o":{"a":0,"k":15,"ix":4},"w":{"a":0,"k":2.5,"ix":5},"lc":2,"lj":2,"bm":0,"d":[{"n":"d","nm":"dash","v":{"a":0,"k":0,"ix":1}},{"n":"g","nm":"gap","v":{"a":0,"k":6,"ix":2}},{"n":"o","nm":"offset","v":{"a":0,"k":-35,"ix":7}}],"nm":"Stroke 1","mn":"ADBE Vector Graphic - Stroke","hd":false},{"ty":"tr","p":{"a":0,"k":[0,0],"ix":2},"a":{"a":0,"k":[0,0],"ix":1},"s":{"a":0,"k":[100,100],"ix":3},"r":{"a":0,"k":0,"ix":6},"o":{"a":0,"k":100,"ix":7},"sk":{"a":0,"k":0,"ix":4},"sa":{"a":0,"k":0,"ix":5},"nm":"Transform"}],"nm":"Shape 1","np":3,"cix":2,"bm":0,"ix":1,"mn":"ADBE Vector Group","hd":false},{"ty":"tm","s":{"a":1,"k":[{"i":{"x":[0.833],"y":[0.833]},"o":{"x":[0.167],"y":[0.167]},"t":0,"s":[0]},{"t":174,"s":[100]}],"ix":1},"e":{"a":0,"k":0,"ix":2},"o":{"a":0,"k":0,"ix":3},"m":1,"ix":2,"nm":"Trim Paths 1","mn":"ADBE Vector Filter - Trim","hd":false}],"ip":0,"op":175,"st":0,"bm":0}],"markers":[]}